"country","analysis","asdghrl","asdgsb","n","wtd_n","pct","se_pct","mean","se_mean"
"South Africa","Reading and bullying distribution within home-resources category","MANY RESOURCES","ALMOST NEVER",44,7770.775071,47.2009788027453,4.96331224657359,564.540352345719,18.4826293001374
"South Africa","Reading and bullying distribution within home-resources category","MANY RESOURCES","ABOUT MONTHLY",29,5733.947227,34.8289480836637,6.95485409711824,521.861703720336,20.0866773832659
"South Africa","Reading and bullying distribution within home-resources category","MANY RESOURCES","ABOUT WEEKLY",15,2958.442806,17.970073113591,4.20273332785244,456.078161888451,30.9467845583405
"South Africa","Reading and bullying distribution within home-resources category","SOME RESOURCES","ALMOST NEVER",1199,141090.138577,32.6259167648403,1.56804450595181,388.998040976078,9.26141036000621
"South Africa","Reading and bullying distribution within home-resources category","SOME RESOURCES","ABOUT MONTHLY",1529,138769.800823,32.0893580287596,1.21917881092013,329.425829401152,6.6812257262342
"South Africa","Reading and bullying distribution within home-resources category","SOME RESOURCES","ABOUT WEEKLY",1701,152588.103651,35.2847252064001,1.70948777058473,263.088270391144,6.82757981582049
"South Africa","Reading and bullying distribution within home-resources category","FEW RESOURCES","ALMOST NEVER",355,33283.149325,22.2777624118247,1.67233791365108,299.78449710243,9.51527526340218
"South Africa","Reading and bullying distribution within home-resources category","FEW RESOURCES","ABOUT MONTHLY",573,52163.655608,34.9152514030392,1.73945917205387,279.541982977073,8.87950880980403
"South Africa","Reading and bullying distribution within home-resources category","FEW RESOURCES","ABOUT WEEKLY",703,63953.968402,42.8069861851361,2.28729384591138,235.279105952507,6.07251606519636
"Brazil","Reading and bullying distribution within home-resources category","MANY RESOURCES","ALMOST NEVER",60,27521.078809,68.2846674485595,9.05314635862064,580.533482640141,13.8173005222451
"Brazil","Reading and bullying distribution within home-resources category","MANY RESOURCES","ABOUT MONTHLY",25,9694.924451,24.0548234562284,8.38756649543533,522.00213664178,27.4950574092501
"Brazil","Reading and bullying distribution within home-resources category","MANY RESOURCES","ABOUT WEEKLY",12,3087.449678,7.66050909521205,2.39857756423418,469.887843431046,32.3817166729416
"Brazil","Reading and bullying distribution within home-resources category","SOME RESOURCES","ALMOST NEVER",1686,923309.62129,59.4761578588851,1.61612308547997,482.17404473876,3.93752851466492
"Brazil","Reading and bullying distribution within home-resources category","SOME RESOURCES","ABOUT MONTHLY",704,403426.395686,25.9872218820141,1.22172414503558,451.725351128044,6.62198622864615
"Brazil","Reading and bullying distribution within home-resources category","SOME RESOURCES","ABOUT WEEKLY",387,225666.919812,14.5366202591008,1.18582470939791,354.81165196421,9.79575605702881
"Brazil","Reading and bullying distribution within home-resources category","FEW RESOURCES","ALMOST NEVER",358,260003.612433,57.6444009659171,3.14583011472572,410.290556785928,8.09777569872239
"Brazil","Reading and bullying distribution within home-resources category","FEW RESOURCES","ABOUT MONTHLY",160,105283.331223,23.34196245681,2.44079352085237,366.730014223464,11.5578987147997
"Brazil","Reading and bullying distribution within home-resources category","FEW RESOURCES","ABOUT WEEKLY",129,85760.526829,19.0136365772729,1.83127252387541,291.968603490936,16.4032071223471
