"country","variable","missing_n","missing_percent"
"South Africa","idstud",0,0
"South Africa","idschool",0,0
"South Africa","idclass",0,0
"South Africa","asbg01",187,1.50539365641604
"South Africa","asbghrl",6015,48.422154242473
"South Africa","asdghrl",101,0.813073579133795
"South Africa","asbgsb",762,6.13427789405893
"South Africa","asdgsb",193,1.55369505715666
"South Africa","asrrea01",0,0
"South Africa","asrrea02",0,0
"South Africa","asrrea03",0,0
"South Africa","asrrea04",0,0
"South Africa","asrrea05",0,0
"South Africa","totwgt",0,0
