"country","concept","requested_variable","actual_variable","level","role","provisional_decision","available","unweighted_n","valid_n","omitted_or_missing_n","omitted_or_missing_pct","coding_or_range","audit_note"
"South Africa","Reading achievement","RREA","asrrea01 | asrrea02 | asrrea03 | asrrea04 | asrrea05","Student","Outcome","Retain",TRUE,12422,12422,0,0,"5 reading plausible values","Use RREA through EdSurvey; do not average plausible values manually."
"South Africa","Bullying frequency category","ASDGSB","asdgsb","Student","Main exposure","Retain",TRUE,12422,11660,762,6.13,"ALMOST NEVER | ABOUT MONTHLY | ABOUT WEEKLY | OMITTED OR INVALID","Missingness includes PIRLS omitted/not-administered responses after dropOmittedLevels = TRUE."
"South Africa","Bullying continuous scale","ASBGSB","asbgsb","Student","Robustness exposure","Retain",TRUE,12422,11660,762,6.13,"Range: 3.16486 to 12.5675","Missingness includes PIRLS omitted/not-administered responses after dropOmittedLevels = TRUE."
"South Africa","Gender","ASBG01","asbg01","Student","Core confounder","Retain",TRUE,12422,12235,187,1.51,"GIRL | BOY","Missingness includes PIRLS omitted/not-administered responses after dropOmittedLevels = TRUE."
"South Africa","Student age","ASDAGE","asdage","Student","Core confounder","Retain if comparable",TRUE,12422,12363,59,0.47,"Range: 6.58 to 14.58","Missingness includes PIRLS omitted/not-administered responses after dropOmittedLevels = TRUE."
"South Africa","Home resources continuous scale","ASBGHRL","asbghrl","Student","Core socioeconomic confounder","Retain",TRUE,12422,6407,6015,48.42,"Range: 4.085 to 14.5092","Missingness includes PIRLS omitted/not-administered responses after dropOmittedLevels = TRUE."
"South Africa","Home resources category","ASDGHRL","asdghrl","Student","Descriptive/robustness SES","Retain for descriptives",TRUE,12422,6407,6015,48.42,"MANY RESOURCES | SOME RESOURCES | FEW RESOURCES | OMITTED OR INVALID","Missingness includes PIRLS omitted/not-administered responses after dropOmittedLevels = TRUE."
"South Africa","Highest parental education","ASDHEDUP","asdhedup","Student/home","Candidate socioeconomic confounder","Decide after audit",TRUE,12422,5194,7228,58.19,"UNIVERSITY OR HIGHER | POST-SECONDARY BUT NOT UNIVERSITY | UPPER SECONDARY | LOWER SECONDARY | SOME PRIMARY, LOWER SECONDARY OR NO SCHOOL | NOT APPLICABLE | OMITTED OR INVALID","Missingness includes PIRLS omitted/not-administered responses after dropOmittedLevels = TRUE."
"South Africa","Home language","ASBG03","asbg03","Student","Candidate confounder","Decide after audit",TRUE,12422,11202,1220,9.82,"I ALWAYS SPEAK <LANGUAGE OF TEST> AT HOME | I ALMOST ALWAYS SPEAK <LANGUAGE OF TEST> AT HOME | I SOMETIMES SPEAK <LANGUAGE OF TEST> AND SOMETIMES SPEAK ANOTHER LANGUAGE AT HOME | I NEVER SPEAK <LANGUAGE OF TEST> AT HOME | OMITTED OR INVALID","Missingness includes PIRLS omitted/not-administered responses after dropOmittedLevels = TRUE."
"South Africa","School location","ACBG05B","acbg05b","School","Candidate school confounder","Decide after audit",TRUE,12422,10571,1851,14.9,"URBAN-DENSELY POPULATED | SUBURBAN-ON FRINGE OR OUTSKIRTS OF URBAN AREA | MEDIUM SIZE CITY OR LARGE TOWN | SMALL TOWN OR VILLAGE | REMOTE RURAL | OMITTED OR INVALID","Missingness includes PIRLS omitted/not-administered responses after dropOmittedLevels = TRUE."
"South Africa","Immediate-area income","ACBG05C",,"School","Candidate school confounder","Decide after audit",FALSE,,,,,,"Not found as an exact column name; inspect the codebook-search output."
"South Africa","Economically disadvantaged pupils","ACBG03A","acbg03a","School","Candidate school confounder","Decide after audit",TRUE,12422,11187,1235,9.94,"0 TO 10% | 11 TO 25% | 26 TO 50% | MORE THAN 50% | OMITTED OR INVALID","Missingness includes PIRLS omitted/not-administered responses after dropOmittedLevels = TRUE."
"South Africa","Economically affluent pupils","ACBG03B","acbg03b","School","Candidate school confounder","Decide after audit",TRUE,12422,9884,2538,20.43,"0 TO 10% | 11 TO 25% | 26 TO 50% | MORE THAN 50% | OMITTED OR INVALID","Missingness includes PIRLS omitted/not-administered responses after dropOmittedLevels = TRUE."
"Brazil","Reading achievement","RREA","asrrea01 | asrrea02 | asrrea03 | asrrea04 | asrrea05","Student","Outcome","Retain",TRUE,4941,4941,0,0,"5 reading plausible values","Use RREA through EdSurvey; do not average plausible values manually."
"Brazil","Bullying frequency category","ASDGSB","asdgsb","Student","Main exposure","Retain",TRUE,4941,4715,226,4.57,"ALMOST NEVER | ABOUT MONTHLY | ABOUT WEEKLY | OMITTED OR INVALID","Missingness includes PIRLS omitted/not-administered responses after dropOmittedLevels = TRUE."
"Brazil","Bullying continuous scale","ASBGSB","asbgsb","Student","Robustness exposure","Retain",TRUE,4941,4715,226,4.57,"Range: 3.16486 to 12.5675","Missingness includes PIRLS omitted/not-administered responses after dropOmittedLevels = TRUE."
"Brazil","Gender","ASBG01","asbg01","Student","Core confounder","Retain",TRUE,4941,4888,53,1.07,"GIRL | BOY | <OTHER> | OMITTED OR INVALID","Missingness includes PIRLS omitted/not-administered responses after dropOmittedLevels = TRUE."
"Brazil","Student age","ASDAGE","asdage","Student","Core confounder","Retain if comparable",TRUE,4941,4918,23,0.47,"Range: 7.17 to 14.83","Missingness includes PIRLS omitted/not-administered responses after dropOmittedLevels = TRUE."
"Brazil","Home resources continuous scale","ASBGHRL","asbghrl","Student","Core socioeconomic confounder","Retain",TRUE,4941,3626,1315,26.61,"Range: 4.085 to 14.5092","Missingness includes PIRLS omitted/not-administered responses after dropOmittedLevels = TRUE."
"Brazil","Home resources category","ASDGHRL","asdghrl","Student","Descriptive/robustness SES","Retain for descriptives",TRUE,4941,3626,1315,26.61,"MANY RESOURCES | SOME RESOURCES | FEW RESOURCES | OMITTED OR INVALID","Missingness includes PIRLS omitted/not-administered responses after dropOmittedLevels = TRUE."
"Brazil","Highest parental education","ASDHEDUP","asdhedup","Student/home","Candidate socioeconomic confounder","Decide after audit",TRUE,4941,3280,1661,33.62,"UNIVERSITY OR HIGHER | UPPER SECONDARY | LOWER SECONDARY | SOME PRIMARY, LOWER SECONDARY OR NO SCHOOL | NOT APPLICABLE | OMITTED OR INVALID","Missingness includes PIRLS omitted/not-administered responses after dropOmittedLevels = TRUE."
"Brazil","Home language","ASBG03","asbg03","Student","Candidate confounder","Decide after audit",TRUE,4941,4736,205,4.15,"I ALWAYS SPEAK <LANGUAGE OF TEST> AT HOME | I ALMOST ALWAYS SPEAK <LANGUAGE OF TEST> AT HOME | I SOMETIMES SPEAK <LANGUAGE OF TEST> AND SOMETIMES SPEAK ANOTHER LANGUAGE AT HOME | I NEVER SPEAK <LANGUAGE OF TEST> AT HOME | OMITTED OR INVALID","Missingness includes PIRLS omitted/not-administered responses after dropOmittedLevels = TRUE."
"Brazil","School location","ACBG05B","acbg05b","School","Candidate school confounder","Decide after audit",TRUE,4941,4677,264,5.34,"URBAN-DENSELY POPULATED | SUBURBAN-ON FRINGE OR OUTSKIRTS OF URBAN AREA | MEDIUM SIZE CITY OR LARGE TOWN | SMALL TOWN OR VILLAGE | REMOTE RURAL | OMITTED OR INVALID","Missingness includes PIRLS omitted/not-administered responses after dropOmittedLevels = TRUE."
"Brazil","Immediate-area income","ACBG05C",,"School","Candidate school confounder","Decide after audit",FALSE,,,,,,"Not found as an exact column name; inspect the codebook-search output."
"Brazil","Economically disadvantaged pupils","ACBG03A","acbg03a","School","Candidate school confounder","Decide after audit",TRUE,4941,4628,313,6.33,"0 TO 10% | 11 TO 25% | 26 TO 50% | MORE THAN 50% | OMITTED OR INVALID","Missingness includes PIRLS omitted/not-administered responses after dropOmittedLevels = TRUE."
"Brazil","Economically affluent pupils","ACBG03B","acbg03b","School","Candidate school confounder","Decide after audit",TRUE,4941,4176,765,15.48,"0 TO 10% | 11 TO 25% | 26 TO 50% | MORE THAN 50% | OMITTED OR INVALID","Missingness includes PIRLS omitted/not-administered responses after dropOmittedLevels = TRUE."
