"concept","variable","level","role","provisional_decision"
"Reading achievement","rrea","Student","Outcome","Retain"
"Bullying frequency category","asdgsb","Student","Main exposure","Retain"
"Bullying continuous scale","asbgsb","Student","Robustness exposure","Retain"
"Gender","asbg01","Student","Core confounder","Retain"
"Student age","asdage","Student","Core confounder","Retain if comparable"
"Home resources continuous scale","asbghrl","Student","Core socioeconomic confounder","Retain"
"Home resources category","asdghrl","Student","Descriptive/robustness SES","Retain for descriptives"
"Highest parental education","asdhedup","Student/home","Candidate socioeconomic confounder","Decide after audit"
"Home language","asbg03","Student","Candidate confounder","Decide after audit"
"School location","acbg05b","School","Candidate school confounder","Decide after audit"
"Immediate-area income","acbg05c","School","Candidate school confounder","Decide after audit"
"Economically disadvantaged pupils","acbg03a","School","Candidate school confounder","Decide after audit"
"Economically affluent pupils","acbg03b","School","Candidate school confounder","Decide after audit"
