"country","concept","search_pattern","variableName","Labels","fileFormat","search_note"
"South Africa","age","age|date of birth|birth year|birth month|older","itlang_sa","Language of Student Achievement Test","Student",
"South Africa","age","age|date of birth|birth year|birth month|older","rp21k03","K\WHY TIGER SHARK CALLED GARBAGE-CAN (C)","Student",
"South Africa","age","age|date of birth|birth year|birth month|older","rp51n13a","N\SIMPLE AND GLOBAL (DISADVANTAGE OF SIMPLE BANKS) (1)","Student",
"South Africa","age","age|date of birth|birth year|birth month|older","rp51n13b","N\SIMPLE AND GLOBAL (ADVANTAGE OF GLOBAL BANK) (1)","Student",
"South Africa","age","age|date of birth|birth year|birth month|older","rp51r14","R\HOW DID GRANDMA LEARN TO READ IN THE NEW LANGUAGE (A)","Student",
"South Africa","age","age|date of birth|birth year|birth month|older","rp31w07a","W\MESSAGE HONEYGUIDE SENDS (FLIES) (1)","Student",
"South Africa","age","age|date of birth|birth year|birth month|older","rp31w07b","W\MESSAGE HONEYGUIDE SENDS (CLOSE) (1)","Student",
"South Africa","age","age|date of birth|birth year|birth month|older","rp31w07c","W\MESSAGE HONEYGUIDE SENDS (ARRIVE) (1)","Student",
"South Africa","age","age|date of birth|birth year|birth month|older","rp31w09","W\MAIN MESSAGE OF THE BORAN LEGEND (A)","Student",
"South Africa","age","age|date of birth|birth year|birth month|older","rp31w07","W\MESSAGE HONEYGUIDE SENDS (DERIVED) (3)","Student",
"South Africa","age","age|date of birth|birth year|birth month|older","rp51rlike","R\HOW MUCH ENJOYED READING\LEARNING A NEW LANGUAGE","Student",
"South Africa","age","age|date of birth|birth year|birth month|older","re21k03","K\WHY TIGER SHARK CALLED GARBAGE-CAN (C)","Student",
"South Africa","age","age|date of birth|birth year|birth month|older","re51n10d","N\STEPS SEEDS GO THROUGH (PUT IN STORAGE ROOM) (D)","Student",
"South Africa","age","age|date of birth|birth year|birth month|older","re51n13a","N\SIMPLE AND GLOBAL (DISADVANTAGE OF SIMPLE BANKS) (1)","Student",
"South Africa","age","age|date of birth|birth year|birth month|older","re51n13b","N\SIMPLE AND GLOBAL (ADVANTAGE OF GLOBAL BANK) (1)","Student",
"South Africa","age","age|date of birth|birth year|birth month|older","re51r14","R\HOW DID GRANDMA LEARN TO READ IN THE NEW LANGUAGE (A)","Student",
"South Africa","age","age|date of birth|birth year|birth month|older","re31w07a","W\MESSAGE HONEYGUIDE SENDS (FLIES) (1)","Student",
"South Africa","age","age|date of birth|birth year|birth month|older","re31w07b","W\MESSAGE HONEYGUIDE SENDS (CLOSE) (1)","Student",
"South Africa","age","age|date of birth|birth year|birth month|older","re31w07c","W\MESSAGE HONEYGUIDE SENDS (ARRIVE) (1)","Student",
"South Africa","age","age|date of birth|birth year|birth month|older","re31w09","W\MAIN MESSAGE OF THE BORAN LEGEND (A)","Student",
"South Africa","age","age|date of birth|birth year|birth month|older","e051o15","O\HOW DOES THIS SUPPORT THAT GARBAGE IS ALL OVER (D)","Student",
"South Africa","age","age|date of birth|birth year|birth month|older","e041t09","T\WHY ""THE FURTHER DOWN…THE OLDER THINGS ARE"" (1)","Student",
"South Africa","age","age|date of birth|birth year|birth month|older","e051v01","V\LINK ABOUT MAGELLAN’S VOYAGE AROUND WORLD (D)","Student",
"South Africa","age","age|date of birth|birth year|birth month|older","e051v02","V\MAGELLAN’S GOAL (B)","Student",
"South Africa","age","age|date of birth|birth year|birth month|older","e051v03","V\VOYAGE ACROSS THE ATLANTIC TOOK ONLY THREE MONTHS (1)","Student",
"South Africa","age","age|date of birth|birth year|birth month|older","e051v05","V\WHAT WAS WRONG WITH MAGELLAN'S PLAN (B)","Student",
"South Africa","age","age|date of birth|birth year|birth month|older","e051v12","V\LINK LIKELY TO HAVE INFORMATION ON SPACE VOYAGES (B)","Student",
"South Africa","age","age|date of birth|birth year|birth month|older","e051v17e","V\ISS (WORKING ON FUTURE VOYAGES IN DEEP SPACE) (A)","Student",
"South Africa","age","age|date of birth|birth year|birth month|older","e051v18a","V\MAGELLAN; DARWIN; SPACE (ATMOSPHERE IS FRAGILE) (C)","Student",
"South Africa","age","age|date of birth|birth year|birth month|older","e051v18b","V\MAGELLAN; DARWIN; SPACE (WORLD WAS BIGGER) (A)","Student",
"South Africa","age","age|date of birth|birth year|birth month|older","e051v18c","V\MAGELLAN; DARWIN; SPACE (SOUTH AMERICA) (B)","Student",
"South Africa","age","age|date of birth|birth year|birth month|older","e051v18d","V\MAGELLAN; DARWIN; SPACE (SMALL PART OF UNIVERSE) (C)","Student",
"South Africa","age","age|date of birth|birth year|birth month|older","e051v19a","V\SIMILARITY BETWEEN VOYAGES (1)","Student",
"South Africa","age","age|date of birth|birth year|birth month|older","e051v20","V\VOYAGES WERE MOST IMPORTANT IN ADVANCING KNOWLEDGE (1)","Student",
"South Africa","age","age|date of birth|birth year|birth month|older","re31w07","W\MESSAGE HONEYGUIDE SENDS (DERIVED) (3)","Student",
"South Africa","age","age|date of birth|birth year|birth month|older","e051v18","V\VOYAGES GIVE PEOPLE NEW INFORMATION (DERIVED) (1)","Student",
"South Africa","age","age|date of birth|birth year|birth month|older","re51rlike","R\HOW MUCH ENJOYED READING\LEARNING A NEW LANGUAGE","Student",
"South Africa","age","age|date of birth|birth year|birth month|older","e051vlike","V\HOW MUCH ENJOYED READING\VOYAGES OF DISCOVERY","Student",
"South Africa","age","age|date of birth|birth year|birth month|older","asdage","Students Age","Student",
"South Africa","age","age|date of birth|birth year|birth month|older","itlang_sq","Language of Student Questionnaire","Student",
"South Africa","age","age|date of birth|birth year|birth month|older","asbg11e","GEN\HOW OFTEN\DAMAGED STH OF MINE","Student",
"South Africa","age","age|date of birth|birth year|birth month|older","asbg11h","GEN\HOW OFTEN\NASTY OF HURTFUL MESSAGES","Student",
"South Africa","age","age|date of birth|birth year|birth month|older","asbr01f","READ\AGREE\TEACHER ENCOURAGES","Student",
"South Africa","age","age|date of birth|birth year|birth month|older","asbr07h","READ\AGREE\BOOK HELPS IMAGE OTHER WORLDS","Student",
"South Africa","age","age|date of birth|birth year|birth month|older","asbgerl","STUDENTS ENGAGED IN READING LESSONS/SCL","Student",
"South Africa","age","age|date of birth|birth year|birth month|older","asdgerl","STUDENTS ENGAGED IN READING LESSONS/IDX","Student",
"South Africa","age","age|date of birth|birth year|birth month|older","itlang_hq","Language of Home Questionnaire","Student",
"South Africa","age","age|date of birth|birth year|birth month|older","asbh02b","GEN\AGE OF CHILD WHEN CAME TO <COUNTRY>","Student",
"South Africa","age","age|date of birth|birth year|birth month|older","asbh03a","GEN\LANGUAGE\<LANGUAGE OF TEST>","Student",
"South Africa","age","age|date of birth|birth year|birth month|older","asbh03b","GEN\LANGUAGE\<COUNTRY-SPECIFIC>","Student",
"South Africa","age","age|date of birth|birth year|birth month|older","asbh03c","GEN\LANGUAGE\<COUNTRY-SPECIFIC>","Student",
"South Africa","age","age|date of birth|birth year|birth month|older","asbh03d","GEN\LANGUAGE\<COUNTRY-SPECIFIC>","Student",
"South Africa","age","age|date of birth|birth year|birth month|older","asbh03e","GEN\LANGUAGE\<COUNTRY-SPECIFIC>","Student",
"South Africa","age","age|date of birth|birth year|birth month|older","asbh03f","GEN\LANGUAGE\OTHER","Student",
"South Africa","age","age|date of birth|birth year|birth month|older","asbh06","GEN\AGE OF CHILD BEGINNING SCHOOL","Student",
"South Africa","age","age|date of birth|birth year|birth month|older","asbh18aa","GEN\LANGUAGE SPOKEN\<LANGUAGE OF TEST>\GUARDIAN A","Student",
"South Africa","age","age|date of birth|birth year|birth month|older","asbh18ab","GEN\LANGUAGE SPOKEN\<LANGUAGE OF TEST>\GUARDIAN B","Student",
"South Africa","age","age|date of birth|birth year|birth month|older","asbh18ba","GEN\LANGUAGE SPOKEN\<COUNTRY-SPECIFIC>\GUARDIAN A","Student",
"South Africa","age","age|date of birth|birth year|birth month|older","asbh18bb","GEN\LANGUAGE SPOKEN\<COUNTRY-SPECIFIC>\GUARDIAN B","Student",
"South Africa","age","age|date of birth|birth year|birth month|older","asbh18ca","GEN\LANGUAGE SPOKEN\<COUNTRY-SPECIFIC>\GUARDIAN A","Student",
"South Africa","age","age|date of birth|birth year|birth month|older","asbh18cb","GEN\LANGUAGE SPOKEN\<COUNTRY-SPECIFIC>\GUARDIAN B","Student",
"South Africa","age","age|date of birth|birth year|birth month|older","asbh18da","GEN\LANGUAGE SPOKEN\<COUNTRY-SPECIFIC>\GUARDIAN A","Student",
"South Africa","age","age|date of birth|birth year|birth month|older","asbh18db","GEN\LANGUAGE SPOKEN\<COUNTRY-SPECIFIC>\GUARDIAN B","Student",
"South Africa","age","age|date of birth|birth year|birth month|older","asbh18ea","GEN\LANGUAGE SPOKEN\<COUNTRY-SPECIFIC>\GUARDIAN A","Student",
"South Africa","age","age|date of birth|birth year|birth month|older","asbh18eb","GEN\LANGUAGE SPOKEN\<COUNTRY-SPECIFIC>\GUARDIAN B","Student",
"South Africa","age","age|date of birth|birth year|birth month|older","asbh18fa","GEN\LANGUAGE SPOKEN\OTHER\GUARDIAN A","Student",
"South Africa","age","age|date of birth|birth year|birth month|older","asbh18fb","GEN\LANGUAGE SPOKEN\OTHER\GUARDIAN B","Student",
"South Africa","age","age|date of birth|birth year|birth month|older","asbh18ga","GEN\LANGUAGE SPOKEN\NOT APPLICABLE\GUARDIAN A","Student",
"South Africa","age","age|date of birth|birth year|birth month|older","asbh18gb","GEN\LANGUAGE SPOKEN\NOT APPLICABLE\GUARDIAN B","Student",
"South Africa","age","age|date of birth|birth year|birth month|older","rpr51n13a","N\SIMPLE AND GLOBAL (DISADVANTAGE OF SIMPLE BANKS) (1)","Student",
"South Africa","age","age|date of birth|birth year|birth month|older","rpr51n13b","N\SIMPLE AND GLOBAL (ADVANTAGE OF GLOBAL BANK) (1)","Student",
"South Africa","age","age|date of birth|birth year|birth month|older","rpr31w07a","W\MESSAGE HONEYGUIDE SENDS (FLIES) (1)","Student",
"South Africa","age","age|date of birth|birth year|birth month|older","rpr31w07b","W\MESSAGE HONEYGUIDE SENDS (CLOSE) (1)","Student",
"South Africa","age","age|date of birth|birth year|birth month|older","rpr31w07c","W\MESSAGE HONEYGUIDE SENDS (ARRIVE) (1)","Student",
"South Africa","age","age|date of birth|birth year|birth month|older","rpi51n13a","N\SIMPLE AND GLOBAL (DISADVANTAGE OF SIMPLE BANKS) (1)","Student",
"South Africa","age","age|date of birth|birth year|birth month|older","rpi51n13b","N\SIMPLE AND GLOBAL (ADVANTAGE OF GLOBAL BANK) (1)","Student",
"South Africa","age","age|date of birth|birth year|birth month|older","rpi31w07a","W\MESSAGE HONEYGUIDE SENDS (FLIES) (1)","Student",
"South Africa","age","age|date of birth|birth year|birth month|older","rpi31w07b","W\MESSAGE HONEYGUIDE SENDS (CLOSE) (1)","Student",
"South Africa","age","age|date of birth|birth year|birth month|older","rpi31w07c","W\MESSAGE HONEYGUIDE SENDS (ARRIVE) (1)","Student",
"South Africa","age","age|date of birth|birth year|birth month|older","rer51n13a","N\SIMPLE AND GLOBAL (DISADVANTAGE OF SIMPLE BANKS) (1)","Student",
"South Africa","age","age|date of birth|birth year|birth month|older","rer51n13b","N\SIMPLE AND GLOBAL (ADVANTAGE OF GLOBAL BANK) (1)","Student",
"South Africa","age","age|date of birth|birth year|birth month|older","rer31w07a","W\MESSAGE HONEYGUIDE SENDS (FLIES) (1)","Student",
"South Africa","age","age|date of birth|birth year|birth month|older","rer31w07b","W\MESSAGE HONEYGUIDE SENDS (CLOSE) (1)","Student",
"South Africa","age","age|date of birth|birth year|birth month|older","rer31w07c","W\MESSAGE HONEYGUIDE SENDS (ARRIVE) (1)","Student",
"South Africa","age","age|date of birth|birth year|birth month|older","e0r41t09","T\WHY ""THE FURTHER DOWN…THE OLDER THINGS ARE"" (1)","Student",
"South Africa","age","age|date of birth|birth year|birth month|older","e0r51v03","V\VOYAGE ACROSS THE ATLANTIC TOOK ONLY THREE MONTHS (1)","Student",
"South Africa","age","age|date of birth|birth year|birth month|older","e0r51v19a","V\SIMILARITY BETWEEN VOYAGES (1)","Student",
"South Africa","age","age|date of birth|birth year|birth month|older","e0r51v20","V\VOYAGES WERE MOST IMPORTANT IN ADVANCING KNOWLEDGE (1)","Student",
"South Africa","age","age|date of birth|birth year|birth month|older","rei51n13a","N\SIMPLE AND GLOBAL (DISADVANTAGE OF SIMPLE BANKS) (1)","Student",
"South Africa","age","age|date of birth|birth year|birth month|older","rei51n13b","N\SIMPLE AND GLOBAL (ADVANTAGE OF GLOBAL BANK) (1)","Student",
"South Africa","age","age|date of birth|birth year|birth month|older","rei31w07a","W\MESSAGE HONEYGUIDE SENDS (FLIES) (1)","Student",
"South Africa","age","age|date of birth|birth year|birth month|older","rei31w07b","W\MESSAGE HONEYGUIDE SENDS (CLOSE) (1)","Student",
"South Africa","age","age|date of birth|birth year|birth month|older","rei31w07c","W\MESSAGE HONEYGUIDE SENDS (ARRIVE) (1)","Student",
"South Africa","age","age|date of birth|birth year|birth month|older","e0i41t09","T\WHY ""THE FURTHER DOWN…THE OLDER THINGS ARE"" (1)","Student",
"South Africa","age","age|date of birth|birth year|birth month|older","e0i51v03","V\VOYAGE ACROSS THE ATLANTIC TOOK ONLY THREE MONTHS (1)","Student",
"South Africa","age","age|date of birth|birth year|birth month|older","e0i51v19a","V\SIMILARITY BETWEEN VOYAGES (1)","Student",
"South Africa","age","age|date of birth|birth year|birth month|older","e0i51v20","V\VOYAGES WERE MOST IMPORTANT IN ADVANCING KNOWLEDGE (1)","Student",
"South Africa","age","age|date of birth|birth year|birth month|older","itlang_cq","Language of School Questionnaire","School",
"South Africa","age","age|date of birth|birth year|birth month|older","acbg10aa","GEN\SHORTAGE\GEN\INSTRUCTIONAL MATERIAL","School",
"South Africa","age","age|date of birth|birth year|birth month|older","acbg10ab","GEN\SHORTAGE\GEN\SUPPLIES","School",
"South Africa","age","age|date of birth|birth year|birth month|older","acbg10ac","GEN\SHORTAGE\GEN\SCHOOL BUILDINGS","School",
"South Africa","age","age|date of birth|birth year|birth month|older","acbg10ad","GEN\SHORTAGE\GEN\HEATING SYSTEMS","School",
"South Africa","age","age|date of birth|birth year|birth month|older","acbg10ae","GEN\SHORTAGE\GEN\INSTRUCTIONAL SPACE","School",
"South Africa","age","age|date of birth|birth year|birth month|older","acbg10af","GEN\SHORTAGE\GEN\TECHNOLOGICAL STAFF","School",
"South Africa","age","age|date of birth|birth year|birth month|older","acbg10ag","GEN\SHORTAGE\GEN\TECH RES SUPPORT TCH","School",
"South Africa","age","age|date of birth|birth year|birth month|older","acbg10ah","GEN\SHORTAGE\GEN\TECH RES SUPPORT STD","School",
"South Africa","age","age|date of birth|birth year|birth month|older","acbg10ai","GEN\SHORTAGE\GEN\RESOURCES STD WITH DISAB","School",
"South Africa","age","age|date of birth|birth year|birth month|older","acbg10aj","GEN\SHORTAGE\GEN\INTERNET CONNECTION","School",
"South Africa","age","age|date of birth|birth year|birth month|older","acbg10ba","GEN\SHORTAGE\READ\TEACH SPEC READING","School",
"South Africa","age","age|date of birth|birth year|birth month|older","acbg10bb","GEN\SHORTAGE\READ\COMPUTER SOFTWARE","School",
"South Africa","age","age|date of birth|birth year|birth month|older","acbg10bc","GEN\SHORTAGE\READ\LIBRARY RESOURCES","School",
"South Africa","age","age|date of birth|birth year|birth month|older","acbg10bd","GEN\SHORTAGE\READ\INSTRUCTIONAL MATERIALS","School",
"South Africa","age","age|date of birth|birth year|birth month|older","acbgrrs","INSTR AFF BY REA RES SHORTAGE-PRNCPL/SCL","School",
"South Africa","age","age|date of birth|birth year|birth month|older","acdgrrs","INSTR AFF BY REA RES SHORTAGE-PRNCPL/IDX","School",
"South Africa","age","age|date of birth|birth year|birth month|older","itlang_tq","Language of Teacher Questionnaire","Teacher",
"South Africa","age","age|date of birth|birth year|birth month|older","atbg03","GEN\AGE OF TEACHER","Teacher",
"South Africa","age","age|date of birth|birth year|birth month|older","atbg05ac","GEN\MAJOR AREA OF STUDY\<LANGUAGE TEST>","Teacher",
"South Africa","age","age|date of birth|birth year|birth month|older","atbg05ba","GEN\FORMAL EDUCATION\<LANGUAGE OF TEST>","Teacher",
"South Africa","age","age|date of birth|birth year|birth month|older","atbg05bh","GEN\FORMAL EDUCATION\SECOND LANGUAGE","Teacher",
"South Africa","age","age|date of birth|birth year|birth month|older","atbg07ac","GEN\PROF DEVELOPMENT PAST\ADDRESSING LANGUAGE NEEDS","Teacher",
"South Africa","age","age|date of birth|birth year|birth month|older","atbg07bc","GEN\PROF DEVELOPMENT FUTURE\ADDRESSING LANGUAGE NEEDS","Teacher",
"South Africa","age","age|date of birth|birth year|birth month|older","atbr02a","READ\LANGUAGE DIFFICULTIES","Teacher",
"South Africa","age","age|date of birth|birth year|birth month|older","atbr04","READ\TIME SPENT LANGUAGE INSTR","Teacher",
"South Africa","age","age|date of birth|birth year|birth month|older","atbr09d","READ\HOW OFTEN\ENCOURAGE TO DEVELOP UNDERSTANDING","Teacher",
"South Africa","age","age|date of birth|birth year|birth month|older","atbr09e","READ\HOW OFTEN\ENCOURAGE DISCUSSIONS","Teacher",
"South Africa","age","age|date of birth|birth year|birth month|older","atbr09f","READ\HOW OFTEN\ENCOURAGE TO CHALLENGE OPINION","Teacher",
"South Africa","age","age|date of birth|birth year|birth month|older","atbr13d","READ\CLASSROOM LIBRARY\LIBRARY USAGE","Teacher",
"South Africa","age","age|date of birth|birth year|birth month|older","atdglihy","LANGUAGE INSTRUCTIONAL HOURS PER YEAR","Teacher",
"South Africa","grade_repetition","repeat|repetition|retention|held back|over-age|over age","rp51t04","T\AUTHOR REPEATS THE WORD ""SEARCHED"" (1)","Student",
"South Africa","grade_repetition","repeat|repetition|retention|held back|over-age|over age","re51t04","T\AUTHOR REPEATS THE WORD ""SEARCHED"" (1)","Student",
"South Africa","grade_repetition","repeat|repetition|retention|held back|over-age|over age","e041t03","T\WHY REPEAT ""YEAR AFTER YEAR"" (C)","Student",
"South Africa","grade_repetition","repeat|repetition|retention|held back|over-age|over age","rpr51t04","T\AUTHOR REPEATS THE WORD ""SEARCHED"" (1)","Student",
"South Africa","grade_repetition","repeat|repetition|retention|held back|over-age|over age","rpi51t04","T\AUTHOR REPEATS THE WORD ""SEARCHED"" (1)","Student",
"South Africa","grade_repetition","repeat|repetition|retention|held back|over-age|over age","rer51t04","T\AUTHOR REPEATS THE WORD ""SEARCHED"" (1)","Student",
"South Africa","grade_repetition","repeat|repetition|retention|held back|over-age|over age","rei51t04","T\AUTHOR REPEATS THE WORD ""SEARCHED"" (1)","Student",
"South Africa","parental_education","parent.*education|mother.*education|father.*education|highest education","asdhedup","PARENTS' HIGHEST EDUCATION LEVEL","Student",
"South Africa","home_language","language.*home|speak.*home|test language","asbg03","GEN\OFTEN SPEAK <LANG OF TEST> AT HOME","Student",
"South Africa","home_language","language.*home|speak.*home|test language","itlang_hq","Language of Home Questionnaire","Student",
"South Africa","school_location","school.*location|urban|rural|immediate area","acbg05b","GEN\IMMEDIATE AREA OF SCH LOCATION","School",
"South Africa","school_location","school.*location|urban|rural|immediate area","acbg12c","GEN\DEGREE PROBS STD\CLASSROOM DISTURBANCE","School",
"South Africa","school_ses_composition","disadvantaged|affluent|income level|socioeconomic|socio-economic","asbhses","HOME SOCIOECONOMIC STATUS/SCL","Student",
"South Africa","school_ses_composition","disadvantaged|affluent|income level|socioeconomic|socio-economic","asdhses","HOME SOCIOECONOMIC STATUS/IDX","Student",
"South Africa","school_resources","school resources|resource shortage|resources.*instruction|instruction.*resources","asbh21d","COV\ADDITIONAL RESOURCES\ONLINE INSTRUCTION","Student",
"South Africa","school_resources","school resources|resource shortage|resources.*instruction|instruction.*resources","acbg20","COV\PROVIDE REMOTE INSTRUCTION OR DISTANCE LEARNING RESOURCES","School",
"South Africa","school_resources","school resources|resource shortage|resources.*instruction|instruction.*resources","acbg21b","COV\REMOTE INSTRUCTION\INTERNET-BASED RESOURCES","School",
"South Africa","school_belonging","belonging|belong","rp41m02","M\AT NIGHT, ""THE LIBRARY BELONGS TO SAM"" (D)","Student",
"South Africa","school_belonging","belonging|belong","re41m02","M\AT NIGHT, ""THE LIBRARY BELONGS TO SAM"" (D)","Student",
"South Africa","school_belonging","belonging|belong","asbg10c","GEN\AGREE\BELONG AT SCHOOL","Student",
"South Africa","school_belonging","belonging|belong","asbgssb","STUDENTS SENSE OF SCHOOL BELONGING/SCL","Student",
"South Africa","school_belonging","belonging|belong","asdgssb","STUDENTS SENSE OF SCHOOL BELONGING/IDX","Student",
"South Africa","absenteeism","absent|absence|attendance|missed school","asbg06","GEN\ABOUT HOW OFTEN ABSENT FROM SCHOOL","Student",
"South Africa","absenteeism","absent|absence|attendance|missed school","acbg12b","GEN\DEGREE PROBS STD\ABSENTEEISM","School",
"South Africa","absenteeism","absent|absence|attendance|missed school","atbr03d","READ\LIMIT TEACHING\ABSENT FROM CLASS","Teacher",
"South Africa","psychological_difficulties","psychological|wellbeing|well-being|anxious|lonely",,,,"No codebook match"
"South Africa","engagement_reading_attitudes","engagement|like reading|reading attitude|confident in reading","asbgslr","STUDENTS LIKE READING/SCL","Student",
"South Africa","engagement_reading_attitudes","engagement|like reading|reading attitude|confident in reading","asdgslr","STUDENTS LIKE READING/IDX","Student",
"South Africa","engagement_reading_attitudes","engagement|like reading|reading attitude|confident in reading","asbgscr","STUDENTS CONFIDENT IN READING/SCL","Student",
"South Africa","engagement_reading_attitudes","engagement|like reading|reading attitude|confident in reading","asdgscr","STUDENTS CONFIDENT IN READING/IDX","Student",
"South Africa","engagement_reading_attitudes","engagement|like reading|reading attitude|confident in reading","asbhplr","PARENTS LIKE READING/SCL","Student",
"South Africa","engagement_reading_attitudes","engagement|like reading|reading attitude|confident in reading","asdhplr","PARENTS LIKE READING/IDX","Student",
"South Africa","school_safety","safe and orderly|school safety|feel safe|discipline","acbgdas","SCHOOL DISCIPLINE-PRNCPL/SCL","School",
"South Africa","school_safety","safe and orderly|school safety|feel safe|discipline","acdgdas","SCHOOL DISCIPLINE-PRNCPL/IDX","School",
"South Africa","school_safety","safe and orderly|school safety|feel safe|discipline","atbg11b","GEN\THINKING ABT CURR SCH\FEEL SAFE","Teacher",
"South Africa","school_safety","safe and orderly|school safety|feel safe|discipline","atbgsos","SAFE AND ORDERLY SCHOOLS-TCHR/SCL","Teacher",
"South Africa","school_safety","safe and orderly|school safety|feel safe|discipline","atdgsos","SAFE AND ORDERLY SCHOOLS-TCHR/IDX","Teacher",
"Brazil","age","age|date of birth|birth year|birth month|older","itlang_sa","Language of Student Achievement Test","Student",
"Brazil","age","age|date of birth|birth year|birth month|older","rp21k03","K\WHY TIGER SHARK CALLED GARBAGE-CAN (C)","Student",
"Brazil","age","age|date of birth|birth year|birth month|older","rp51n13a","N\SIMPLE AND GLOBAL (DISADVANTAGE OF SIMPLE BANKS) (1)","Student",
"Brazil","age","age|date of birth|birth year|birth month|older","rp51n13b","N\SIMPLE AND GLOBAL (ADVANTAGE OF GLOBAL BANK) (1)","Student",
"Brazil","age","age|date of birth|birth year|birth month|older","rp51r14","R\HOW DID GRANDMA LEARN TO READ IN THE NEW LANGUAGE (A)","Student",
"Brazil","age","age|date of birth|birth year|birth month|older","rp31w07a","W\MESSAGE HONEYGUIDE SENDS (FLIES) (1)","Student",
"Brazil","age","age|date of birth|birth year|birth month|older","rp31w07b","W\MESSAGE HONEYGUIDE SENDS (CLOSE) (1)","Student",
"Brazil","age","age|date of birth|birth year|birth month|older","rp31w07c","W\MESSAGE HONEYGUIDE SENDS (ARRIVE) (1)","Student",
"Brazil","age","age|date of birth|birth year|birth month|older","rp31w09","W\MAIN MESSAGE OF THE BORAN LEGEND (A)","Student",
"Brazil","age","age|date of birth|birth year|birth month|older","rp31w07","W\MESSAGE HONEYGUIDE SENDS (DERIVED) (3)","Student",
"Brazil","age","age|date of birth|birth year|birth month|older","rp51rlike","R\HOW MUCH ENJOYED READING\LEARNING A NEW LANGUAGE","Student",
"Brazil","age","age|date of birth|birth year|birth month|older","re21k03","K\WHY TIGER SHARK CALLED GARBAGE-CAN (C)","Student",
"Brazil","age","age|date of birth|birth year|birth month|older","re51n10d","N\STEPS SEEDS GO THROUGH (PUT IN STORAGE ROOM) (D)","Student",
"Brazil","age","age|date of birth|birth year|birth month|older","re51n13a","N\SIMPLE AND GLOBAL (DISADVANTAGE OF SIMPLE BANKS) (1)","Student",
"Brazil","age","age|date of birth|birth year|birth month|older","re51n13b","N\SIMPLE AND GLOBAL (ADVANTAGE OF GLOBAL BANK) (1)","Student",
"Brazil","age","age|date of birth|birth year|birth month|older","re51r14","R\HOW DID GRANDMA LEARN TO READ IN THE NEW LANGUAGE (A)","Student",
"Brazil","age","age|date of birth|birth year|birth month|older","re31w07a","W\MESSAGE HONEYGUIDE SENDS (FLIES) (1)","Student",
"Brazil","age","age|date of birth|birth year|birth month|older","re31w07b","W\MESSAGE HONEYGUIDE SENDS (CLOSE) (1)","Student",
"Brazil","age","age|date of birth|birth year|birth month|older","re31w07c","W\MESSAGE HONEYGUIDE SENDS (ARRIVE) (1)","Student",
"Brazil","age","age|date of birth|birth year|birth month|older","re31w09","W\MAIN MESSAGE OF THE BORAN LEGEND (A)","Student",
"Brazil","age","age|date of birth|birth year|birth month|older","e051o15","O\HOW DOES THIS SUPPORT THAT GARBAGE IS ALL OVER (D)","Student",
"Brazil","age","age|date of birth|birth year|birth month|older","e041t09","T\WHY ""THE FURTHER DOWN…THE OLDER THINGS ARE"" (1)","Student",
"Brazil","age","age|date of birth|birth year|birth month|older","e051v01","V\LINK ABOUT MAGELLAN’S VOYAGE AROUND WORLD (D)","Student",
"Brazil","age","age|date of birth|birth year|birth month|older","e051v02","V\MAGELLAN’S GOAL (B)","Student",
"Brazil","age","age|date of birth|birth year|birth month|older","e051v03","V\VOYAGE ACROSS THE ATLANTIC TOOK ONLY THREE MONTHS (1)","Student",
"Brazil","age","age|date of birth|birth year|birth month|older","e051v05","V\WHAT WAS WRONG WITH MAGELLAN'S PLAN (B)","Student",
"Brazil","age","age|date of birth|birth year|birth month|older","e051v12","V\LINK LIKELY TO HAVE INFORMATION ON SPACE VOYAGES (B)","Student",
"Brazil","age","age|date of birth|birth year|birth month|older","e051v17e","V\ISS (WORKING ON FUTURE VOYAGES IN DEEP SPACE) (A)","Student",
"Brazil","age","age|date of birth|birth year|birth month|older","e051v18a","V\MAGELLAN; DARWIN; SPACE (ATMOSPHERE IS FRAGILE) (C)","Student",
"Brazil","age","age|date of birth|birth year|birth month|older","e051v18b","V\MAGELLAN; DARWIN; SPACE (WORLD WAS BIGGER) (A)","Student",
"Brazil","age","age|date of birth|birth year|birth month|older","e051v18c","V\MAGELLAN; DARWIN; SPACE (SOUTH AMERICA) (B)","Student",
"Brazil","age","age|date of birth|birth year|birth month|older","e051v18d","V\MAGELLAN; DARWIN; SPACE (SMALL PART OF UNIVERSE) (C)","Student",
"Brazil","age","age|date of birth|birth year|birth month|older","e051v19a","V\SIMILARITY BETWEEN VOYAGES (1)","Student",
"Brazil","age","age|date of birth|birth year|birth month|older","e051v20","V\VOYAGES WERE MOST IMPORTANT IN ADVANCING KNOWLEDGE (1)","Student",
"Brazil","age","age|date of birth|birth year|birth month|older","re31w07","W\MESSAGE HONEYGUIDE SENDS (DERIVED) (3)","Student",
"Brazil","age","age|date of birth|birth year|birth month|older","e051v18","V\VOYAGES GIVE PEOPLE NEW INFORMATION (DERIVED) (1)","Student",
"Brazil","age","age|date of birth|birth year|birth month|older","re51rlike","R\HOW MUCH ENJOYED READING\LEARNING A NEW LANGUAGE","Student",
"Brazil","age","age|date of birth|birth year|birth month|older","e051vlike","V\HOW MUCH ENJOYED READING\VOYAGES OF DISCOVERY","Student",
"Brazil","age","age|date of birth|birth year|birth month|older","asdage","Students Age","Student",
"Brazil","age","age|date of birth|birth year|birth month|older","itlang_sq","Language of Student Questionnaire","Student",
"Brazil","age","age|date of birth|birth year|birth month|older","asbg11e","GEN\HOW OFTEN\DAMAGED STH OF MINE","Student",
"Brazil","age","age|date of birth|birth year|birth month|older","asbg11h","GEN\HOW OFTEN\NASTY OF HURTFUL MESSAGES","Student",
"Brazil","age","age|date of birth|birth year|birth month|older","asbr01f","READ\AGREE\TEACHER ENCOURAGES","Student",
"Brazil","age","age|date of birth|birth year|birth month|older","asbr07h","READ\AGREE\BOOK HELPS IMAGE OTHER WORLDS","Student",
"Brazil","age","age|date of birth|birth year|birth month|older","asbgerl","STUDENTS ENGAGED IN READING LESSONS/SCL","Student",
"Brazil","age","age|date of birth|birth year|birth month|older","asdgerl","STUDENTS ENGAGED IN READING LESSONS/IDX","Student",
"Brazil","age","age|date of birth|birth year|birth month|older","itlang_hq","Language of Home Questionnaire","Student",
"Brazil","age","age|date of birth|birth year|birth month|older","asbh02b","GEN\AGE OF CHILD WHEN CAME TO <COUNTRY>","Student",
"Brazil","age","age|date of birth|birth year|birth month|older","asbh03a","GEN\LANGUAGE\<LANGUAGE OF TEST>","Student",
"Brazil","age","age|date of birth|birth year|birth month|older","asbh03b","GEN\LANGUAGE\<COUNTRY-SPECIFIC>","Student",
"Brazil","age","age|date of birth|birth year|birth month|older","asbh03c","GEN\LANGUAGE\<COUNTRY-SPECIFIC>","Student",
"Brazil","age","age|date of birth|birth year|birth month|older","asbh03d","GEN\LANGUAGE\<COUNTRY-SPECIFIC>","Student",
"Brazil","age","age|date of birth|birth year|birth month|older","asbh03e","GEN\LANGUAGE\<COUNTRY-SPECIFIC>","Student",
"Brazil","age","age|date of birth|birth year|birth month|older","asbh03f","GEN\LANGUAGE\OTHER","Student",
"Brazil","age","age|date of birth|birth year|birth month|older","asbh06","GEN\AGE OF CHILD BEGINNING SCHOOL","Student",
"Brazil","age","age|date of birth|birth year|birth month|older","asbh18aa","GEN\LANGUAGE SPOKEN\<LANGUAGE OF TEST>\GUARDIAN A","Student",
"Brazil","age","age|date of birth|birth year|birth month|older","asbh18ab","GEN\LANGUAGE SPOKEN\<LANGUAGE OF TEST>\GUARDIAN B","Student",
"Brazil","age","age|date of birth|birth year|birth month|older","asbh18ba","GEN\LANGUAGE SPOKEN\<COUNTRY-SPECIFIC>\GUARDIAN A","Student",
"Brazil","age","age|date of birth|birth year|birth month|older","asbh18bb","GEN\LANGUAGE SPOKEN\<COUNTRY-SPECIFIC>\GUARDIAN B","Student",
"Brazil","age","age|date of birth|birth year|birth month|older","asbh18ca","GEN\LANGUAGE SPOKEN\<COUNTRY-SPECIFIC>\GUARDIAN A","Student",
"Brazil","age","age|date of birth|birth year|birth month|older","asbh18cb","GEN\LANGUAGE SPOKEN\<COUNTRY-SPECIFIC>\GUARDIAN B","Student",
"Brazil","age","age|date of birth|birth year|birth month|older","asbh18da","GEN\LANGUAGE SPOKEN\<COUNTRY-SPECIFIC>\GUARDIAN A","Student",
"Brazil","age","age|date of birth|birth year|birth month|older","asbh18db","GEN\LANGUAGE SPOKEN\<COUNTRY-SPECIFIC>\GUARDIAN B","Student",
"Brazil","age","age|date of birth|birth year|birth month|older","asbh18ea","GEN\LANGUAGE SPOKEN\<COUNTRY-SPECIFIC>\GUARDIAN A","Student",
"Brazil","age","age|date of birth|birth year|birth month|older","asbh18eb","GEN\LANGUAGE SPOKEN\<COUNTRY-SPECIFIC>\GUARDIAN B","Student",
"Brazil","age","age|date of birth|birth year|birth month|older","asbh18fa","GEN\LANGUAGE SPOKEN\OTHER\GUARDIAN A","Student",
"Brazil","age","age|date of birth|birth year|birth month|older","asbh18fb","GEN\LANGUAGE SPOKEN\OTHER\GUARDIAN B","Student",
"Brazil","age","age|date of birth|birth year|birth month|older","asbh18ga","GEN\LANGUAGE SPOKEN\NOT APPLICABLE\GUARDIAN A","Student",
"Brazil","age","age|date of birth|birth year|birth month|older","asbh18gb","GEN\LANGUAGE SPOKEN\NOT APPLICABLE\GUARDIAN B","Student",
"Brazil","age","age|date of birth|birth year|birth month|older","rpr51n13a","N\SIMPLE AND GLOBAL (DISADVANTAGE OF SIMPLE BANKS) (1)","Student",
"Brazil","age","age|date of birth|birth year|birth month|older","rpr51n13b","N\SIMPLE AND GLOBAL (ADVANTAGE OF GLOBAL BANK) (1)","Student",
"Brazil","age","age|date of birth|birth year|birth month|older","rpr31w07a","W\MESSAGE HONEYGUIDE SENDS (FLIES) (1)","Student",
"Brazil","age","age|date of birth|birth year|birth month|older","rpr31w07b","W\MESSAGE HONEYGUIDE SENDS (CLOSE) (1)","Student",
"Brazil","age","age|date of birth|birth year|birth month|older","rpr31w07c","W\MESSAGE HONEYGUIDE SENDS (ARRIVE) (1)","Student",
"Brazil","age","age|date of birth|birth year|birth month|older","rpi51n13a","N\SIMPLE AND GLOBAL (DISADVANTAGE OF SIMPLE BANKS) (1)","Student",
"Brazil","age","age|date of birth|birth year|birth month|older","rpi51n13b","N\SIMPLE AND GLOBAL (ADVANTAGE OF GLOBAL BANK) (1)","Student",
"Brazil","age","age|date of birth|birth year|birth month|older","rpi31w07a","W\MESSAGE HONEYGUIDE SENDS (FLIES) (1)","Student",
"Brazil","age","age|date of birth|birth year|birth month|older","rpi31w07b","W\MESSAGE HONEYGUIDE SENDS (CLOSE) (1)","Student",
"Brazil","age","age|date of birth|birth year|birth month|older","rpi31w07c","W\MESSAGE HONEYGUIDE SENDS (ARRIVE) (1)","Student",
"Brazil","age","age|date of birth|birth year|birth month|older","rer51n13a","N\SIMPLE AND GLOBAL (DISADVANTAGE OF SIMPLE BANKS) (1)","Student",
"Brazil","age","age|date of birth|birth year|birth month|older","rer51n13b","N\SIMPLE AND GLOBAL (ADVANTAGE OF GLOBAL BANK) (1)","Student",
"Brazil","age","age|date of birth|birth year|birth month|older","rer31w07a","W\MESSAGE HONEYGUIDE SENDS (FLIES) (1)","Student",
"Brazil","age","age|date of birth|birth year|birth month|older","rer31w07b","W\MESSAGE HONEYGUIDE SENDS (CLOSE) (1)","Student",
"Brazil","age","age|date of birth|birth year|birth month|older","rer31w07c","W\MESSAGE HONEYGUIDE SENDS (ARRIVE) (1)","Student",
"Brazil","age","age|date of birth|birth year|birth month|older","e0r41t09","T\WHY ""THE FURTHER DOWN…THE OLDER THINGS ARE"" (1)","Student",
"Brazil","age","age|date of birth|birth year|birth month|older","e0r51v03","V\VOYAGE ACROSS THE ATLANTIC TOOK ONLY THREE MONTHS (1)","Student",
"Brazil","age","age|date of birth|birth year|birth month|older","e0r51v19a","V\SIMILARITY BETWEEN VOYAGES (1)","Student",
"Brazil","age","age|date of birth|birth year|birth month|older","e0r51v20","V\VOYAGES WERE MOST IMPORTANT IN ADVANCING KNOWLEDGE (1)","Student",
"Brazil","age","age|date of birth|birth year|birth month|older","rei51n13a","N\SIMPLE AND GLOBAL (DISADVANTAGE OF SIMPLE BANKS) (1)","Student",
"Brazil","age","age|date of birth|birth year|birth month|older","rei51n13b","N\SIMPLE AND GLOBAL (ADVANTAGE OF GLOBAL BANK) (1)","Student",
"Brazil","age","age|date of birth|birth year|birth month|older","rei31w07a","W\MESSAGE HONEYGUIDE SENDS (FLIES) (1)","Student",
"Brazil","age","age|date of birth|birth year|birth month|older","rei31w07b","W\MESSAGE HONEYGUIDE SENDS (CLOSE) (1)","Student",
"Brazil","age","age|date of birth|birth year|birth month|older","rei31w07c","W\MESSAGE HONEYGUIDE SENDS (ARRIVE) (1)","Student",
"Brazil","age","age|date of birth|birth year|birth month|older","e0i41t09","T\WHY ""THE FURTHER DOWN…THE OLDER THINGS ARE"" (1)","Student",
"Brazil","age","age|date of birth|birth year|birth month|older","e0i51v03","V\VOYAGE ACROSS THE ATLANTIC TOOK ONLY THREE MONTHS (1)","Student",
"Brazil","age","age|date of birth|birth year|birth month|older","e0i51v19a","V\SIMILARITY BETWEEN VOYAGES (1)","Student",
"Brazil","age","age|date of birth|birth year|birth month|older","e0i51v20","V\VOYAGES WERE MOST IMPORTANT IN ADVANCING KNOWLEDGE (1)","Student",
"Brazil","age","age|date of birth|birth year|birth month|older","itlang_cq","Language of School Questionnaire","School",
"Brazil","age","age|date of birth|birth year|birth month|older","acbg10aa","GEN\SHORTAGE\GEN\INSTRUCTIONAL MATERIAL","School",
"Brazil","age","age|date of birth|birth year|birth month|older","acbg10ab","GEN\SHORTAGE\GEN\SUPPLIES","School",
"Brazil","age","age|date of birth|birth year|birth month|older","acbg10ac","GEN\SHORTAGE\GEN\SCHOOL BUILDINGS","School",
"Brazil","age","age|date of birth|birth year|birth month|older","acbg10ad","GEN\SHORTAGE\GEN\HEATING SYSTEMS","School",
"Brazil","age","age|date of birth|birth year|birth month|older","acbg10ae","GEN\SHORTAGE\GEN\INSTRUCTIONAL SPACE","School",
"Brazil","age","age|date of birth|birth year|birth month|older","acbg10af","GEN\SHORTAGE\GEN\TECHNOLOGICAL STAFF","School",
"Brazil","age","age|date of birth|birth year|birth month|older","acbg10ag","GEN\SHORTAGE\GEN\TECH RES SUPPORT TCH","School",
"Brazil","age","age|date of birth|birth year|birth month|older","acbg10ah","GEN\SHORTAGE\GEN\TECH RES SUPPORT STD","School",
"Brazil","age","age|date of birth|birth year|birth month|older","acbg10ai","GEN\SHORTAGE\GEN\RESOURCES STD WITH DISAB","School",
"Brazil","age","age|date of birth|birth year|birth month|older","acbg10aj","GEN\SHORTAGE\GEN\INTERNET CONNECTION","School",
"Brazil","age","age|date of birth|birth year|birth month|older","acbg10ba","GEN\SHORTAGE\READ\TEACH SPEC READING","School",
"Brazil","age","age|date of birth|birth year|birth month|older","acbg10bb","GEN\SHORTAGE\READ\COMPUTER SOFTWARE","School",
"Brazil","age","age|date of birth|birth year|birth month|older","acbg10bc","GEN\SHORTAGE\READ\LIBRARY RESOURCES","School",
"Brazil","age","age|date of birth|birth year|birth month|older","acbg10bd","GEN\SHORTAGE\READ\INSTRUCTIONAL MATERIALS","School",
"Brazil","age","age|date of birth|birth year|birth month|older","acbgrrs","INSTR AFF BY REA RES SHORTAGE-PRNCPL/SCL","School",
"Brazil","age","age|date of birth|birth year|birth month|older","acdgrrs","INSTR AFF BY REA RES SHORTAGE-PRNCPL/IDX","School",
"Brazil","age","age|date of birth|birth year|birth month|older","itlang_tq","Language of Teacher Questionnaire","Teacher",
"Brazil","age","age|date of birth|birth year|birth month|older","atbg03","GEN\AGE OF TEACHER","Teacher",
"Brazil","age","age|date of birth|birth year|birth month|older","atbg05ac","GEN\MAJOR AREA OF STUDY\<LANGUAGE TEST>","Teacher",
"Brazil","age","age|date of birth|birth year|birth month|older","atbg05ba","GEN\FORMAL EDUCATION\<LANGUAGE OF TEST>","Teacher",
"Brazil","age","age|date of birth|birth year|birth month|older","atbg05bh","GEN\FORMAL EDUCATION\SECOND LANGUAGE","Teacher",
"Brazil","age","age|date of birth|birth year|birth month|older","atbg07ac","GEN\PROF DEVELOPMENT PAST\ADDRESSING LANGUAGE NEEDS","Teacher",
"Brazil","age","age|date of birth|birth year|birth month|older","atbg07bc","GEN\PROF DEVELOPMENT FUTURE\ADDRESSING LANGUAGE NEEDS","Teacher",
"Brazil","age","age|date of birth|birth year|birth month|older","atbr02a","READ\LANGUAGE DIFFICULTIES","Teacher",
"Brazil","age","age|date of birth|birth year|birth month|older","atbr04","READ\TIME SPENT LANGUAGE INSTR","Teacher",
"Brazil","age","age|date of birth|birth year|birth month|older","atbr09d","READ\HOW OFTEN\ENCOURAGE TO DEVELOP UNDERSTANDING","Teacher",
"Brazil","age","age|date of birth|birth year|birth month|older","atbr09e","READ\HOW OFTEN\ENCOURAGE DISCUSSIONS","Teacher",
"Brazil","age","age|date of birth|birth year|birth month|older","atbr09f","READ\HOW OFTEN\ENCOURAGE TO CHALLENGE OPINION","Teacher",
"Brazil","age","age|date of birth|birth year|birth month|older","atbr13d","READ\CLASSROOM LIBRARY\LIBRARY USAGE","Teacher",
"Brazil","age","age|date of birth|birth year|birth month|older","atdglihy","LANGUAGE INSTRUCTIONAL HOURS PER YEAR","Teacher",
"Brazil","grade_repetition","repeat|repetition|retention|held back|over-age|over age","rp51t04","T\AUTHOR REPEATS THE WORD ""SEARCHED"" (1)","Student",
"Brazil","grade_repetition","repeat|repetition|retention|held back|over-age|over age","re51t04","T\AUTHOR REPEATS THE WORD ""SEARCHED"" (1)","Student",
"Brazil","grade_repetition","repeat|repetition|retention|held back|over-age|over age","e041t03","T\WHY REPEAT ""YEAR AFTER YEAR"" (C)","Student",
"Brazil","grade_repetition","repeat|repetition|retention|held back|over-age|over age","rpr51t04","T\AUTHOR REPEATS THE WORD ""SEARCHED"" (1)","Student",
"Brazil","grade_repetition","repeat|repetition|retention|held back|over-age|over age","rpi51t04","T\AUTHOR REPEATS THE WORD ""SEARCHED"" (1)","Student",
"Brazil","grade_repetition","repeat|repetition|retention|held back|over-age|over age","rer51t04","T\AUTHOR REPEATS THE WORD ""SEARCHED"" (1)","Student",
"Brazil","grade_repetition","repeat|repetition|retention|held back|over-age|over age","rei51t04","T\AUTHOR REPEATS THE WORD ""SEARCHED"" (1)","Student",
"Brazil","parental_education","parent.*education|mother.*education|father.*education|highest education","asdhedup","PARENTS' HIGHEST EDUCATION LEVEL","Student",
"Brazil","home_language","language.*home|speak.*home|test language","asbg03","GEN\OFTEN SPEAK <LANG OF TEST> AT HOME","Student",
"Brazil","home_language","language.*home|speak.*home|test language","itlang_hq","Language of Home Questionnaire","Student",
"Brazil","school_location","school.*location|urban|rural|immediate area","acbg05b","GEN\IMMEDIATE AREA OF SCH LOCATION","School",
"Brazil","school_location","school.*location|urban|rural|immediate area","acbg12c","GEN\DEGREE PROBS STD\CLASSROOM DISTURBANCE","School",
"Brazil","school_ses_composition","disadvantaged|affluent|income level|socioeconomic|socio-economic","asbhses","HOME SOCIOECONOMIC STATUS/SCL","Student",
"Brazil","school_ses_composition","disadvantaged|affluent|income level|socioeconomic|socio-economic","asdhses","HOME SOCIOECONOMIC STATUS/IDX","Student",
"Brazil","school_resources","school resources|resource shortage|resources.*instruction|instruction.*resources","asbh21d","COV\ADDITIONAL RESOURCES\ONLINE INSTRUCTION","Student",
"Brazil","school_resources","school resources|resource shortage|resources.*instruction|instruction.*resources","acbg20","COV\PROVIDE REMOTE INSTRUCTION OR DISTANCE LEARNING RESOURCES","School",
"Brazil","school_resources","school resources|resource shortage|resources.*instruction|instruction.*resources","acbg21b","COV\REMOTE INSTRUCTION\INTERNET-BASED RESOURCES","School",
"Brazil","school_belonging","belonging|belong","rp41m02","M\AT NIGHT, ""THE LIBRARY BELONGS TO SAM"" (D)","Student",
"Brazil","school_belonging","belonging|belong","re41m02","M\AT NIGHT, ""THE LIBRARY BELONGS TO SAM"" (D)","Student",
"Brazil","school_belonging","belonging|belong","asbg10c","GEN\AGREE\BELONG AT SCHOOL","Student",
"Brazil","school_belonging","belonging|belong","asbgssb","STUDENTS SENSE OF SCHOOL BELONGING/SCL","Student",
"Brazil","school_belonging","belonging|belong","asdgssb","STUDENTS SENSE OF SCHOOL BELONGING/IDX","Student",
"Brazil","absenteeism","absent|absence|attendance|missed school","asbg06","GEN\ABOUT HOW OFTEN ABSENT FROM SCHOOL","Student",
"Brazil","absenteeism","absent|absence|attendance|missed school","acbg12b","GEN\DEGREE PROBS STD\ABSENTEEISM","School",
"Brazil","absenteeism","absent|absence|attendance|missed school","atbr03d","READ\LIMIT TEACHING\ABSENT FROM CLASS","Teacher",
"Brazil","psychological_difficulties","psychological|wellbeing|well-being|anxious|lonely",,,,"No codebook match"
"Brazil","engagement_reading_attitudes","engagement|like reading|reading attitude|confident in reading","asbgslr","STUDENTS LIKE READING/SCL","Student",
"Brazil","engagement_reading_attitudes","engagement|like reading|reading attitude|confident in reading","asdgslr","STUDENTS LIKE READING/IDX","Student",
"Brazil","engagement_reading_attitudes","engagement|like reading|reading attitude|confident in reading","asbgscr","STUDENTS CONFIDENT IN READING/SCL","Student",
"Brazil","engagement_reading_attitudes","engagement|like reading|reading attitude|confident in reading","asdgscr","STUDENTS CONFIDENT IN READING/IDX","Student",
"Brazil","engagement_reading_attitudes","engagement|like reading|reading attitude|confident in reading","asbhplr","PARENTS LIKE READING/SCL","Student",
"Brazil","engagement_reading_attitudes","engagement|like reading|reading attitude|confident in reading","asdhplr","PARENTS LIKE READING/IDX","Student",
"Brazil","school_safety","safe and orderly|school safety|feel safe|discipline","acbgdas","SCHOOL DISCIPLINE-PRNCPL/SCL","School",
"Brazil","school_safety","safe and orderly|school safety|feel safe|discipline","acdgdas","SCHOOL DISCIPLINE-PRNCPL/IDX","School",
"Brazil","school_safety","safe and orderly|school safety|feel safe|discipline","atbg11b","GEN\THINKING ABT CURR SCH\FEEL SAFE","Teacher",
"Brazil","school_safety","safe and orderly|school safety|feel safe|discipline","atbgsos","SAFE AND ORDERLY SCHOOLS-TCHR/SCL","Teacher",
"Brazil","school_safety","safe and orderly|school safety|feel safe|discipline","atdgsos","SAFE AND ORDERLY SCHOOLS-TCHR/IDX","Teacher",
