"country","variable","category","unweighted_n","weighted_student_count","weighted_pct","small_category"
"South Africa","Bullying frequency","ABOUT MONTHLY",3880,333431.719821,31.8932734926483,FALSE
"South Africa","Bullying frequency","ABOUT WEEKLY",5100,433873.350866,41.500675004075,FALSE
"South Africa","Bullying frequency","ALMOST NEVER",2680,278155.878619,26.6060515032767,FALSE
"South Africa","Gender","BOY",6154,558033.954459,50.5438626406588,FALSE
"South Africa","Gender","GIRL",6081,546024.827962,49.4561373593412,FALSE
"South Africa","Home resources category","FEW RESOURCES",1722,159146.465777,25.4114067711097,FALSE
"South Africa","Home resources category","MANY RESOURCES",89,16562.825182,2.644637352917,FALSE
"South Africa","Home resources category","SOME RESOURCES",4596,450570.344838,71.9439558759733,FALSE
"South Africa","Highest parental education","LOWER SECONDARY",493,46942.786674,9.16099313023202,FALSE
"South Africa","Highest parental education","POST-SECONDARY BUT NOT UNIVERSITY",855,93808.447309,18.3069349360008,FALSE
"South Africa","Highest parental education","SOME PRIMARY, LOWER SECONDARY OR NO SCHOOL",937,87564.562387,17.0884263869954,FALSE
"South Africa","Highest parental education","UNIVERSITY OR HIGHER",574,77196.09606,15.0649962601833,FALSE
"South Africa","Highest parental education","UPPER SECONDARY",2335,206908.387846,40.3786492865885,FALSE
"South Africa","Home language","I ALMOST ALWAYS SPEAK <LANGUAGE OF TEST> AT HOME",1369,128535.760294,12.836363905258,FALSE
"South Africa","Home language","I ALWAYS SPEAK <LANGUAGE OF TEST> AT HOME",7688,656913.011681,65.6033344553214,FALSE
"South Africa","Home language","I NEVER SPEAK <LANGUAGE OF TEST> AT HOME",539,49777.908381,4.9711251169293,FALSE
"South Africa","Home language","I SOMETIMES SPEAK <LANGUAGE OF TEST> AND SOMETIMES SPEAK ANOTHER LANGUAGE AT HOME",1606,166114.207474,16.5891765224913,FALSE
"South Africa","School location","MEDIUM SIZE CITY OR LARGE TOWN",302,29556.196526,3.07834953026052,FALSE
"South Africa","School location","REMOTE RURAL",3700,320430.00389,33.3735618210701,FALSE
"South Africa","School location","SMALL TOWN OR VILLAGE",2683,168145.169798,17.5127271199431,FALSE
"South Africa","School location","SUBURBAN-ON FRINGE OR OUTSKIRTS OF URBAN AREA",3279,321086.639233,33.4419519841243,FALSE
"South Africa","School location","URBAN-DENSELY POPULATED",607,120913.263349,12.593409544602,FALSE
"South Africa","Share economically disadvantaged","0 TO 10%",323,52804.386642,5.30542728562677,FALSE
"South Africa","Share economically disadvantaged","11 TO 25%",618,73810.159239,7.41594510770394,FALSE
"South Africa","Share economically disadvantaged","26 TO 50%",1246,118590.300995,11.9151505910899,FALSE
"South Africa","Share economically disadvantaged","MORE THAN 50%",9000,750085.14202,75.3634770155794,FALSE
"South Africa","Share economically affluent","0 TO 10%",6218,484151.511685,55.6280124516261,FALSE
"South Africa","Share economically affluent","11 TO 25%",1960,185114.154812,21.2692354775791,FALSE
"South Africa","Share economically affluent","26 TO 50%",1144,124291.019236,14.2807823559662,FALSE
"South Africa","Share economically affluent","MORE THAN 50%",562,76780.919994,8.82196971482857,FALSE
"Brazil","Bullying frequency","ABOUT MONTHLY",1212,691501.044272,25.5811235195499,FALSE
"Brazil","Bullying frequency","ABOUT WEEKLY",740,440126.61984,16.2818747992235,FALSE
"Brazil","Bullying frequency","ALMOST NEVER",2763,1571541.5057,58.1370016812265,FALSE
"Brazil","Gender","<OTHER>",41,23553.902805,0.831820688690114,TRUE
"Brazil","Gender","BOY",2491,1431410.002909,50.5511321955921,FALSE
"Brazil","Gender","GIRL",2356,1376644.291251,48.6170471157178,FALSE
"Brazil","Home resources category","FEW RESOURCES",700,492319.701275,23.1635395340311,FALSE
"Brazil","Home resources category","MANY RESOURCES",97,40303.452938,1.89626907692213,TRUE
"Brazil","Home resources category","SOME RESOURCES",2829,1592784.754849,74.9401913890468,FALSE
"Brazil","Highest parental education","LOWER SECONDARY",517,341360.470941,17.7788209176277,FALSE
"Brazil","Highest parental education","SOME PRIMARY, LOWER SECONDARY OR NO SCHOOL",383,306480.813853,15.962209945284,FALSE
"Brazil","Highest parental education","UNIVERSITY OR HIGHER",1070,486479.170212,25.3369290929123,FALSE
"Brazil","Highest parental education","UPPER SECONDARY",1310,785719.532587,40.922040044176,FALSE
"Brazil","Home language","I ALMOST ALWAYS SPEAK <LANGUAGE OF TEST> AT HOME",364,196386.743037,7.21039301312239,FALSE
"Brazil","Home language","I ALWAYS SPEAK <LANGUAGE OF TEST> AT HOME",3918,2277242.882409,83.6095956100814,FALSE
"Brazil","Home language","I NEVER SPEAK <LANGUAGE OF TEST> AT HOME",98,46405.453354,1.70378891904846,TRUE
"Brazil","Home language","I SOMETIMES SPEAK <LANGUAGE OF TEST> AND SOMETIMES SPEAK ANOTHER LANGUAGE AT HOME",356,203627.038918,7.47622245774771,FALSE
"Brazil","School location","MEDIUM SIZE CITY OR LARGE TOWN",788,380471.108204,13.9093406297621,FALSE
"Brazil","School location","REMOTE RURAL",179,247421.432148,9.0452833464686,FALSE
"Brazil","School location","SMALL TOWN OR VILLAGE",542,494918.812705,18.0933432304148,FALSE
"Brazil","School location","SUBURBAN-ON FRINGE OR OUTSKIRTS OF URBAN AREA",507,337438.935564,12.3361616566886,FALSE
"Brazil","School location","URBAN-DENSELY POPULATED",2661,1275113.797509,46.6158711366659,FALSE
"Brazil","Share economically disadvantaged","0 TO 10%",1270,607021.80665,22.7950961444292,FALSE
"Brazil","Share economically disadvantaged","11 TO 25%",752,421923.083782,15.8442038737336,FALSE
"Brazil","Share economically disadvantaged","26 TO 50%",678,358837.334758,13.4751856628697,FALSE
"Brazil","Share economically disadvantaged","MORE THAN 50%",1928,1275166.870545,47.8855143189675,FALSE
"Brazil","Share economically affluent","0 TO 10%",1398,986025.80365,42.2523716749503,FALSE
"Brazil","Share economically affluent","11 TO 25%",675,401624.777633,17.210096648183,FALSE
"Brazil","Share economically affluent","26 TO 50%",721,309538.084319,13.2640729459459,FALSE
"Brazil","Share economically affluent","MORE THAN 50%",1382,636469.220482,27.2734587309209,FALSE
