"country","analysis","home_resources_category","bullying_frequency","unweighted_student_count","weighted_student_count","weighted_percent","weighted_percent_standard_error","mean_reading_achievement","reading_mean_standard_error"
"South Africa","Reading and bullying distribution within home-resources category","MANY RESOURCES","ALMOST NEVER",44,7770.775071,47.2009788027453,4.96331224657359,564.540352345719,18.4826293001374
"South Africa","Reading and bullying distribution within home-resources category","MANY RESOURCES","ABOUT MONTHLY",29,5733.947227,34.8289480836637,6.95485409711824,521.861703720336,20.0866773832659
"South Africa","Reading and bullying distribution within home-resources category","MANY RESOURCES","ABOUT WEEKLY",15,2958.442806,17.970073113591,4.20273332785244,456.078161888451,30.9467845583405
"South Africa","Reading and bullying distribution within home-resources category","SOME RESOURCES","ALMOST NEVER",1199,141090.138577,32.6259167648403,1.56804450595181,388.998040976078,9.26141036000621
"South Africa","Reading and bullying distribution within home-resources category","SOME RESOURCES","ABOUT MONTHLY",1529,138769.800823,32.0893580287596,1.21917881092013,329.425829401152,6.6812257262342
"South Africa","Reading and bullying distribution within home-resources category","SOME RESOURCES","ABOUT WEEKLY",1701,152588.103651,35.2847252064001,1.70948777058473,263.088270391144,6.82757981582049
"South Africa","Reading and bullying distribution within home-resources category","FEW RESOURCES","ALMOST NEVER",355,33283.149325,22.2777624118247,1.67233791365108,299.78449710243,9.51527526340218
"South Africa","Reading and bullying distribution within home-resources category","FEW RESOURCES","ABOUT MONTHLY",573,52163.655608,34.9152514030392,1.73945917205387,279.541982977073,8.87950880980403
"South Africa","Reading and bullying distribution within home-resources category","FEW RESOURCES","ABOUT WEEKLY",703,63953.968402,42.8069861851361,2.28729384591138,235.279105952507,6.07251606519636
