"source_file","readable_file","rows","columns"
"C:/Users/Chane Watt/OneDrive - Stellenbosch University/Documents/Honours/Semester 2/Education Economics/Essay/pirls-2021-bullying-achievement/output/variable_audit/candidate_codebook_search_results.csv","C:/Users/Chane Watt/OneDrive - Stellenbosch University/Documents/Honours/Semester 2/Education Economics/Essay/pirls-2021-bullying-achievement/output/readable_tables/candidate_codebook_search_results.csv",330,7
"C:/Users/Chane Watt/OneDrive - Stellenbosch University/Documents/Honours/Semester 2/Education Economics/Essay/pirls-2021-bullying-achievement/output/variable_audit/candidate_variable_audit.csv","C:/Users/Chane Watt/OneDrive - Stellenbosch University/Documents/Honours/Semester 2/Education Economics/Essay/pirls-2021-bullying-achievement/output/readable_tables/candidate_variable_audit.csv",26,14
"C:/Users/Chane Watt/OneDrive - Stellenbosch University/Documents/Honours/Semester 2/Education Economics/Essay/pirls-2021-bullying-achievement/output/variable_audit/candidate_variable_registry.csv","C:/Users/Chane Watt/OneDrive - Stellenbosch University/Documents/Honours/Semester 2/Education Economics/Essay/pirls-2021-bullying-achievement/output/readable_tables/candidate_variable_registry.csv",13,5
"C:/Users/Chane Watt/OneDrive - Stellenbosch University/Documents/Honours/Semester 2/Education Economics/Essay/pirls-2021-bullying-achievement/output/preliminary_descriptives/candidate_variable_missingness.csv","C:/Users/Chane Watt/OneDrive - Stellenbosch University/Documents/Honours/Semester 2/Education Economics/Essay/pirls-2021-bullying-achievement/output/readable_tables/candidate_variable_missingness.csv",28,7
"C:/Users/Chane Watt/OneDrive - Stellenbosch University/Documents/Honours/Semester 2/Education Economics/Essay/pirls-2021-bullying-achievement/output/preliminary_descriptives/category_size_checks.csv","C:/Users/Chane Watt/OneDrive - Stellenbosch University/Documents/Honours/Semester 2/Education Economics/Essay/pirls-2021-bullying-achievement/output/readable_tables/category_size_checks.csv",60,7
"C:/Users/Chane Watt/OneDrive - Stellenbosch University/Documents/Honours/Semester 2/Education Economics/Essay/pirls-2021-bullying-achievement/output/preliminary_descriptives/reading_bullying_by_gender_brazil.csv","C:/Users/Chane Watt/OneDrive - Stellenbosch University/Documents/Honours/Semester 2/Education Economics/Essay/pirls-2021-bullying-achievement/output/readable_tables/reading_bullying_by_gender_brazil.csv",9,10
"C:/Users/Chane Watt/OneDrive - Stellenbosch University/Documents/Honours/Semester 2/Education Economics/Essay/pirls-2021-bullying-achievement/output/preliminary_descriptives/reading_bullying_by_gender_south_africa.csv","C:/Users/Chane Watt/OneDrive - Stellenbosch University/Documents/Honours/Semester 2/Education Economics/Essay/pirls-2021-bullying-achievement/output/readable_tables/reading_bullying_by_gender_south_africa.csv",6,10
"C:/Users/Chane Watt/OneDrive - Stellenbosch University/Documents/Honours/Semester 2/Education Economics/Essay/pirls-2021-bullying-achievement/output/preliminary_descriptives/reading_bullying_by_home_resources_brazil.csv","C:/Users/Chane Watt/OneDrive - Stellenbosch University/Documents/Honours/Semester 2/Education Economics/Essay/pirls-2021-bullying-achievement/output/readable_tables/reading_bullying_by_home_resources_brazil.csv",9,10
"C:/Users/Chane Watt/OneDrive - Stellenbosch University/Documents/Honours/Semester 2/Education Economics/Essay/pirls-2021-bullying-achievement/output/preliminary_descriptives/reading_bullying_by_home_resources_south_africa.csv","C:/Users/Chane Watt/OneDrive - Stellenbosch University/Documents/Honours/Semester 2/Education Economics/Essay/pirls-2021-bullying-achievement/output/readable_tables/reading_bullying_by_home_resources_south_africa.csv",9,10
"C:/Users/Chane Watt/OneDrive - Stellenbosch University/Documents/Honours/Semester 2/Education Economics/Essay/pirls-2021-bullying-achievement/output/preliminary_descriptives/reading_by_bullying_brazil.csv","C:/Users/Chane Watt/OneDrive - Stellenbosch University/Documents/Honours/Semester 2/Education Economics/Essay/pirls-2021-bullying-achievement/output/readable_tables/reading_by_bullying_brazil.csv",3,9
"C:/Users/Chane Watt/OneDrive - Stellenbosch University/Documents/Honours/Semester 2/Education Economics/Essay/pirls-2021-bullying-achievement/output/preliminary_descriptives/reading_by_bullying_south_africa.csv","C:/Users/Chane Watt/OneDrive - Stellenbosch University/Documents/Honours/Semester 2/Education Economics/Essay/pirls-2021-bullying-achievement/output/readable_tables/reading_by_bullying_south_africa.csv",3,9
"C:/Users/Chane Watt/OneDrive - Stellenbosch University/Documents/Honours/Semester 2/Education Economics/Essay/pirls-2021-bullying-achievement/output/preliminary_descriptives/small_categories_flagged.csv","C:/Users/Chane Watt/OneDrive - Stellenbosch University/Documents/Honours/Semester 2/Education Economics/Essay/pirls-2021-bullying-achievement/output/readable_tables/small_categories_flagged.csv",3,7
"C:/Users/Chane Watt/OneDrive - Stellenbosch University/Documents/Honours/Semester 2/Education Economics/Essay/pirls-2021-bullying-achievement/output/preliminary_descriptives/south_africa_published_mean_validation.csv","C:/Users/Chane Watt/OneDrive - Stellenbosch University/Documents/Honours/Semester 2/Education Economics/Essay/pirls-2021-bullying-achievement/output/readable_tables/south_africa_published_mean_validation.csv",3,7
"C:/Users/Chane Watt/OneDrive - Stellenbosch University/Documents/Honours/Semester 2/Education Economics/Essay/pirls-2021-bullying-achievement/output/preliminary_descriptives/table_bullying_by_gender_both_countries.csv","C:/Users/Chane Watt/OneDrive - Stellenbosch University/Documents/Honours/Semester 2/Education Economics/Essay/pirls-2021-bullying-achievement/output/readable_tables/table_bullying_by_gender_both_countries.csv",15,10
"C:/Users/Chane Watt/OneDrive - Stellenbosch University/Documents/Honours/Semester 2/Education Economics/Essay/pirls-2021-bullying-achievement/output/preliminary_descriptives/table_bullying_by_home_resources_both_countries.csv","C:/Users/Chane Watt/OneDrive - Stellenbosch University/Documents/Honours/Semester 2/Education Economics/Essay/pirls-2021-bullying-achievement/output/readable_tables/table_bullying_by_home_resources_both_countries.csv",18,10
"C:/Users/Chane Watt/OneDrive - Stellenbosch University/Documents/Honours/Semester 2/Education Economics/Essay/pirls-2021-bullying-achievement/output/preliminary_descriptives/table_reading_by_bullying_both_countries.csv","C:/Users/Chane Watt/OneDrive - Stellenbosch University/Documents/Honours/Semester 2/Education Economics/Essay/pirls-2021-bullying-achievement/output/readable_tables/table_reading_by_bullying_both_countries.csv",6,9
