"country","analysis","gender","bullying_frequency","unweighted_student_count","weighted_student_count","weighted_percent","weighted_percent_standard_error","mean_reading_achievement","reading_mean_standard_error"
"South Africa","Reading and bullying distribution within gender","GIRL","ALMOST NEVER",1541,155933.891844,30.0202646842676,1.58793446111753,378.892074158444,7.22842916193839
"South Africa","Reading and bullying distribution within gender","GIRL","ABOUT MONTHLY",2036,175024.952227,33.6956599368555,1.0025047359854,328.276799656359,4.82090635638317
"South Africa","Reading and bullying distribution within gender","GIRL","ABOUT WEEKLY",2246,188469.926741,36.2840753788769,1.35237713769525,268.824823389753,4.89375084757224
"South Africa","Reading and bullying distribution within gender","BOY","ALMOST NEVER",1138,122214.913441,23.2443576475075,1.14089527203679,334.293108681994,9.01657863985266
"South Africa","Reading and bullying distribution within gender","BOY","ABOUT MONTHLY",1844,158406.767594,30.1277761941719,0.88169981620677,277.546285747766,6.91468191165321
"South Africa","Reading and bullying distribution within gender","BOY","ABOUT WEEKLY",2851,245161.45866,46.6278661583205,1.33208204943935,222.76923340764,4.8556860292728
"Brazil","Reading and bullying distribution within gender","GIRL","ALMOST NEVER",1458,828621.488698,62.2135521730151,1.56073577163393,463.616441043357,4.98984396336671
"Brazil","Reading and bullying distribution within gender","GIRL","ABOUT MONTHLY",550,329324.305766,24.7259275291161,1.3699227279819,431.405523335561,9.0414158114445
"Brazil","Reading and bullying distribution within gender","GIRL","ABOUT WEEKLY",286,173952.899238,13.0605202978689,1.17444591919969,330.48101594738,12.0262056026439
"Brazil","Reading and bullying distribution within gender","BOY","ALMOST NEVER",1296,735474.975885,54.4887456613239,2.52592408890211,450.768530540076,7.18077427711519
"Brazil","Reading and bullying distribution within gender","BOY","ABOUT MONTHLY",644,356306.489579,26.3974904989629,1.61254261852531,411.871481095302,6.8909424571142
"Brazil","Reading and bullying distribution within gender","BOY","ABOUT WEEKLY",440,257992.63368,19.1137638397132,1.60145595821531,336.729100357674,8.49171347438154
"Brazil","Reading and bullying distribution within gender","<OTHER>","ALMOST NEVER",8,7290.179488,34.1596150642637,12.4568608238696,301.327746933762,69.589709911706
"Brazil","Reading and bullying distribution within gender","<OTHER>","ABOUT MONTHLY",18,5870.248927,27.5062423370785,8.86078896973923,325.723134467709,40.810355360726
"Brazil","Reading and bullying distribution within gender","<OTHER>","ABOUT WEEKLY",14,8181.086922,38.3341425986578,9.13614939622263,286.03141163993,39.677874163076
