"country","model","sample","formula","term_raw","term_label","estimate","standard_error","t_statistic","degrees_of_freedom","p_value","confidence_interval_lower","confidence_interval_upper","n_used","r_squared","plausible_values","jrr_i_max","weight","variance_method"
"South Africa","M1","available_case","rrea ~ asdgsb","(Intercept)","Constant",359.292817404749,7.64781574855257,46.9797951752105,106.71987429168,0,344.303098537586,374.282536271912,11660,0.134065365423877,5,"5","totwgt","jackknife"
"South Africa","M1","available_case","rrea ~ asdgsb","asdgsbABOUT MONTHLY","Bullied about monthly",-55.1170742734101,6.86909841046165,-8.02391681992308,96.7333386757088,2.42392067185982e-12,-68.580507157915,-41.6536413889053,11660,0.134065365423877,5,"5","totwgt","jackknife"
"South Africa","M1","available_case","rrea ~ asdgsb","asdgsbABOUT WEEKLY","Bullied about weekly",-116.511563497752,7.76915994586469,-14.9966745838163,107.700427465903,3.9550975366976e-28,-131.739116991647,-101.284010003857,11660,0.134065365423877,5,"5","totwgt","jackknife"
"South Africa","M2","available_case","rrea ~ asdgsb + asbg01 + asdage","(Intercept)","Constant",481.721942468625,31.9363148284862,15.0838299614627,109.837836015114,0,419.126765404792,544.317119532458,11618,0.169680930652925,5,"5","totwgt","jackknife"
"South Africa","M2","available_case","rrea ~ asdgsb + asbg01 + asdage","asdgsbABOUT MONTHLY","Bullied about monthly",-53.7636083268668,6.81653291998611,-7.88723665798365,92.4418335121272,6.01776743242989e-12,-67.1240128500395,-40.403203803694,11618,0.169680930652925,5,"5","totwgt","jackknife"
"South Africa","M2","available_case","rrea ~ asdgsb + asbg01 + asdage","asdgsbABOUT WEEKLY","Bullied about weekly",-110.44677951709,7.53025578695636,-14.6670687745298,127.967992696154,3.48408728498348e-29,-125.206080859525,-95.6874781746558,11618,0.169680930652925,5,"5","totwgt","jackknife"
"South Africa","M2","available_case","rrea ~ asdgsb + asbg01 + asdage","asbg01BOY","Boy",-44.4270378867839,3.12429758013576,-14.219848381041,121.22272316419,1.33992583018989e-27,-50.55066114385,-38.3034146297178,11618,0.169680930652925,5,"5","totwgt","jackknife"
"South Africa","M2","available_case","rrea ~ asdgsb + asbg01 + asdage","asdage","Age (years)",-10.0278296311511,2.9915135796905,-3.35209229843727,117.503655296764,0.00107948467644892,-15.8911962473444,-4.16446301495766,11618,0.169680930652925,5,"5","totwgt","jackknife"
"South Africa","M3","available_case","rrea ~ asdgsb + asbg01 + asdage + asbhses","(Intercept)","Constant",244.972446640729,41.5365043263795,5.89776271772462,100.464166371596,4.98109109514644e-08,163.560898161025,326.383995120433,9167,0.277909831920303,5,"5","totwgt","jackknife"
"South Africa","M3","available_case","rrea ~ asdgsb + asbg01 + asdage + asbhses","asdgsbABOUT MONTHLY","Bullied about monthly",-46.7736242391098,5.89193497654786,-7.93858459492283,106.141274744531,2.25593434084948e-12,-58.3218167931436,-35.225431685076,9167,0.277909831920303,5,"5","totwgt","jackknife"
"South Africa","M3","available_case","rrea ~ asdgsb + asbg01 + asdage + asbhses","asdgsbABOUT WEEKLY","Bullied about weekly",-97.9173386797309,6.75042612391022,-14.5053566815441,111.184314410588,2.1168955678154e-27,-111.148173882595,-84.6865034768669,9167,0.277909831920303,5,"5","totwgt","jackknife"
"South Africa","M3","available_case","rrea ~ asdgsb + asbg01 + asdage + asbhses","asbg01BOY","Boy",-43.4312493038691,3.48377965090877,-12.4667038836798,122.460739603858,1.55278759477429e-23,-50.2594574196503,-36.6030411880879,9167,0.277909831920303,5,"5","totwgt","jackknife"
"South Africa","M3","available_case","rrea ~ asdgsb + asbg01 + asdage + asbhses","asdage","Age (years)",-7.59363044556733,3.41813906591065,-2.22156860769626,108.952834067735,0.0283800306855727,-14.2931830147522,-0.894077876382459,9167,0.277909831920303,5,"5","totwgt","jackknife"
"South Africa","M3","available_case","rrea ~ asdgsb + asbg01 + asdage + asbhses","asbhses","Home SES (ASBHSES scale points)",25.6504958269247,2.25731082232718,11.3632981214702,55.8549303840133,4.44089209850063e-16,21.2261666151634,30.0748250386859,9167,0.277909831920303,5,"5","totwgt","jackknife"
"South Africa","M4","available_case","rrea ~ asdgsb + asbg01 + asdage + asbhses + asbg03","(Intercept)","Constant",237.498115050959,42.1708480443934,5.63180789726931,98.7743047097944,1.68005917844383e-07,154.843252883948,320.15297721797,8505,0.295556457601441,5,"5","totwgt","jackknife"
"South Africa","M4","available_case","rrea ~ asdgsb + asbg01 + asdage + asbhses + asbg03","asdgsbABOUT MONTHLY","Bullied about monthly",-43.9369037969724,5.54913836247125,-7.91778847940017,100.25449264169,3.3678785163601e-12,-54.8132149874161,-33.0605926065288,8505,0.295556457601441,5,"5","totwgt","jackknife"
"South Africa","M4","available_case","rrea ~ asdgsb + asbg01 + asdage + asbhses + asbg03","asdgsbABOUT WEEKLY","Bullied about weekly",-94.236860399295,6.68943673461652,-14.0874133559912,97.3549985054142,3.13883099004031e-25,-107.348156399143,-81.1255643994466,8505,0.295556457601441,5,"5","totwgt","jackknife"
"South Africa","M4","available_case","rrea ~ asdgsb + asbg01 + asdage + asbhses + asbg03","asbg01BOY","Boy",-40.7812019357424,3.82457529120611,-10.662936098947,141.340134453293,7.62452200288811e-20,-48.2773695065064,-33.2850343649785,8505,0.295556457601441,5,"5","totwgt","jackknife"
"South Africa","M4","available_case","rrea ~ asdgsb + asbg01 + asdage + asbhses + asbg03","asdage","Age (years)",-6.92806084494124,3.42867697869921,-2.02062220733597,108.838321062395,0.0457743197403367,-13.6482677231917,-0.207853966690784,8505,0.295556457601441,5,"5","totwgt","jackknife"
"South Africa","M4","available_case","rrea ~ asdgsb + asbg01 + asdage + asbhses + asbg03","asbhses","Home SES (ASBHSES scale points)",24.9091469709254,2.35418976413493,10.580772778136,54.4788424955865,7.99360577730113e-15,20.2949350332209,29.5233589086298,8505,0.295556457601441,5,"5","totwgt","jackknife"
"South Africa","M4","available_case","rrea ~ asdgsb + asbg01 + asdage + asbhses + asbg03","asbg03I ALMOST ALWAYS SPEAK <LANGUAGE OF TEST> AT HOME","Home language: almost always test language",7.417362478823,8.0910630332107,0.916735223588987,22.599904259378,0.368961018251733,-8.44112106626998,23.275846023916,8505,0.295556457601441,5,"5","totwgt","jackknife"
"South Africa","M4","available_case","rrea ~ asdgsb + asbg01 + asdage + asbhses + asbg03","asbg03I SOMETIMES SPEAK <LANGUAGE OF TEST> AND SOMETIMES SPEAK ANOTHER LANGUAGE AT HOME","Home language: sometimes test language",46.255258092655,7.38733629924098,6.26142579936526,82.4985676360765,1.63252811269388e-08,31.7760789461427,60.7344372391673,8505,0.295556457601441,5,"5","totwgt","jackknife"
"South Africa","M4","available_case","rrea ~ asdgsb + asbg01 + asdage + asbhses + asbg03","asbg03I NEVER SPEAK <LANGUAGE OF TEST> AT HOME","Home language: never test language",-27.990382765761,8.93258949909924,-3.13351271415568,57.0755958542789,0.00272619973846716,-45.4982581839955,-10.4825073475265,8505,0.295556457601441,5,"5","totwgt","jackknife"
"South Africa","M5","available_case","rrea ~ asdgsb + asbg01 + asdage + asbhses + asbg03 + acbg05b +      acbg03a","(Intercept)","Constant",443.524642453249,46.8664525911708,9.46358467371618,112.643346571987,4.44089209850063e-16,351.666395374555,535.382889531944,7177,0.379854631559703,5,"5","totwgt","jackknife"
"South Africa","M5","available_case","rrea ~ asdgsb + asbg01 + asdage + asbhses + asbg03 + acbg05b +      acbg03a","asdgsbABOUT MONTHLY","Bullied about monthly",-36.0703923768963,5.46655935898203,-6.59837203041243,103.987572527097,1.78198938548467e-09,-46.7848487205011,-25.3559360332916,7177,0.379854631559703,5,"5","totwgt","jackknife"
"South Africa","M5","available_case","rrea ~ asdgsb + asbg01 + asdage + asbhses + asbg03 + acbg05b +      acbg03a","asdgsbABOUT WEEKLY","Bullied about weekly",-80.5830799521651,6.66023553067526,-12.0991336689252,101.215308619793,2.22752315367512e-21,-93.6371415922886,-67.5290183120416,7177,0.379854631559703,5,"5","totwgt","jackknife"
"South Africa","M5","available_case","rrea ~ asdgsb + asbg01 + asdage + asbhses + asbg03 + acbg05b +      acbg03a","asbg01BOY","Boy",-43.1188788634274,3.88805913933019,-11.0900779330367,133.371825363358,1.17475264826922e-20,-50.7394747765146,-35.4982829503403,7177,0.379854631559703,5,"5","totwgt","jackknife"
"South Africa","M5","available_case","rrea ~ asdgsb + asbg01 + asdage + asbhses + asbg03 + acbg05b +      acbg03a","asdage","Age (years)",-7.63466532390685,3.30321689927354,-2.31128186755944,124.405151532361,0.0224624464432019,-14.108970446483,-1.16036020133071,7177,0.379854631559703,5,"5","totwgt","jackknife"
"South Africa","M5","available_case","rrea ~ asdgsb + asbg01 + asdage + asbhses + asbg03 + acbg05b +      acbg03a","asbhses","Home SES (ASBHSES scale points)",16.775105367558,2.48747231575095,6.74383600626878,42.9426160588982,3.04575404896923e-08,11.8996596286862,21.6505511064299,7177,0.379854631559703,5,"5","totwgt","jackknife"
"South Africa","M5","available_case","rrea ~ asdgsb + asbg01 + asdage + asbhses + asbg03 + acbg05b +      acbg03a","asbg03I ALMOST ALWAYS SPEAK <LANGUAGE OF TEST> AT HOME","Home language: almost always test language",-5.48162337181025,8.05254572414261,-0.680731728771885,20.8143070102677,0.503544323171006,-21.2646129911298,10.3013662475093,7177,0.379854631559703,5,"5","totwgt","jackknife"
"South Africa","M5","available_case","rrea ~ asdgsb + asbg01 + asdage + asbhses + asbg03 + acbg05b +      acbg03a","asbg03I SOMETIMES SPEAK <LANGUAGE OF TEST> AND SOMETIMES SPEAK ANOTHER LANGUAGE AT HOME","Home language: sometimes test language",22.4496958109327,7.06723867988248,3.17658661718017,96.3658663310371,0.00200238365077454,8.59790799836305,36.3014836235023,7177,0.379854631559703,5,"5","totwgt","jackknife"
"South Africa","M5","available_case","rrea ~ asdgsb + asbg01 + asdage + asbhses + asbg03 + acbg05b +      acbg03a","asbg03I NEVER SPEAK <LANGUAGE OF TEST> AT HOME","Home language: never test language",-40.6751197172505,10.623334115082,-3.8288468833437,55.0786228270139,0.000331568799495881,-61.4968545828113,-19.8533848516898,7177,0.379854631559703,5,"5","totwgt","jackknife"
"South Africa","M5","available_case","rrea ~ asdgsb + asbg01 + asdage + asbhses + asbg03 + acbg05b +      acbg03a","acbg05bSUBURBAN-ON FRINGE OR OUTSKIRTS OF URBAN AREA","School location: suburban",-18.0166073873493,17.6305224421799,-1.02189866729336,17.3152591575353,0.320895044885165,-52.5724313740219,16.5392165993232,7177,0.379854631559703,5,"5","totwgt","jackknife"
"South Africa","M5","available_case","rrea ~ asdgsb + asbg01 + asdage + asbhses + asbg03 + acbg05b +      acbg03a","acbg05bMEDIUM SIZE CITY OR LARGE TOWN","School location: medium city/large town",1.93489222421809,34.0336944593294,0.0568522534786903,27.7392938697298,0.955070437016475,-64.7711489160674,68.6409333645036,7177,0.379854631559703,5,"5","totwgt","jackknife"
"South Africa","M5","available_case","rrea ~ asdgsb + asbg01 + asdage + asbhses + asbg03 + acbg05b +      acbg03a","acbg05bSMALL TOWN OR VILLAGE","School location: small town/village",-45.061850796874,18.8359199553574,-2.39233607403695,19.1142150302638,0.0271684336046964,-81.9802539093746,-8.14344768437344,7177,0.379854631559703,5,"5","totwgt","jackknife"
"South Africa","M5","available_case","rrea ~ asdgsb + asbg01 + asdage + asbhses + asbg03 + acbg05b +      acbg03a","acbg05bREMOTE RURAL","School location: remote rural",-55.4534094190851,16.5243337143379,-3.35586356325938,15.2506418454316,0.00424871868710376,-87.8411034991874,-23.0657153389828,7177,0.379854631559703,5,"5","totwgt","jackknife"
"South Africa","M5","available_case","rrea ~ asdgsb + asbg01 + asdage + asbhses + asbg03 + acbg05b +      acbg03a","acbg03a11 TO 25%","Economically disadvantaged: 11 to 25%",-49.4489704614024,27.7657796133828,-1.78093218162578,48.8237135874309,0.0811453593559873,-103.869898503633,4.97195758082792,7177,0.379854631559703,5,"5","totwgt","jackknife"
"South Africa","M5","available_case","rrea ~ asdgsb + asbg01 + asdage + asbhses + asbg03 + acbg05b +      acbg03a","acbg03a26 TO 50%","Economically disadvantaged: 26 to 50%",-82.754751773363,20.1583566302143,-4.10523304510478,36.8820864659765,0.000214548013657517,-122.265130768583,-43.2443727781429,7177,0.379854631559703,5,"5","totwgt","jackknife"
"South Africa","M5","available_case","rrea ~ asdgsb + asbg01 + asdage + asbhses + asbg03 + acbg05b +      acbg03a","acbg03aMORE THAN 50%","Economically disadvantaged: more than 50%",-117.334555307086,17.1313059432898,-6.84913080739446,29.367600237557,1.49510900133401e-07,-150.911914955934,-83.7571956582379,7177,0.379854631559703,5,"5","totwgt","jackknife"
"South Africa","M1_common","m5_common","rrea ~ asdgsb","(Intercept)","Constant",368.988219256813,9.66938762056682,38.1604537677209,106.468218781141,0,350.036219520502,387.940218993124,7177,0.123032404522908,5,"5","totwgt","jackknife"
"South Africa","M1_common","m5_common","rrea ~ asdgsb","asdgsbABOUT MONTHLY","Bullied about monthly",-51.5161797767731,8.59213209703801,-5.9957387985844,82.9791964033267,5.06279408612783e-08,-68.3567586869676,-34.6756008665786,7177,0.123032404522908,5,"5","totwgt","jackknife"
"South Africa","M1_common","m5_common","rrea ~ asdgsb","asdgsbABOUT WEEKLY","Bullied about weekly",-112.478461216571,9.71008585361904,-11.5836731942642,95.7661707669065,6.43457003620752e-20,-131.510229489664,-93.4466929434773,7177,0.123032404522908,5,"5","totwgt","jackknife"
"South Africa","M2_common","m5_common","rrea ~ asdgsb + asbg01 + asdage","(Intercept)","Constant",450.017724941502,41.0173218579805,10.9714068241621,76.585714126585,0,369.62377409986,530.411675783143,7177,0.155947422999321,5,"5","totwgt","jackknife"
"South Africa","M2_common","m5_common","rrea ~ asdgsb + asbg01 + asdage","asdgsbABOUT MONTHLY","Bullied about monthly",-50.6960449440603,8.4907533380394,-5.97073580231534,81.8505053583448,5.83362605514713e-08,-67.3379214866175,-34.0541684015031,7177,0.155947422999321,5,"5","totwgt","jackknife"
"South Africa","M2_common","m5_common","rrea ~ asdgsb + asbg01 + asdage","asdgsbABOUT WEEKLY","Bullied about weekly",-107.789538703032,9.45024953889312,-11.4059992023932,97.7680559078068,1.14894949382441e-19,-126.312027799262,-89.2670496068012,7177,0.155947422999321,5,"5","totwgt","jackknife"
"South Africa","M2_common","m5_common","rrea ~ asdgsb + asbg01 + asdage","asbg01BOY","Boy",-45.5475236808541,4.32449836510406,-10.5324409527805,106.304354719856,3.40670717764899e-18,-54.0235404764581,-37.0715068852502,7177,0.155947422999321,5,"5","totwgt","jackknife"
"South Africa","M2_common","m5_common","rrea ~ asdgsb + asbg01 + asdage","asdage","Age (years)",-5.94524535266278,3.94547171945358,-1.50685286206694,87.1345632850427,0.13546537396512,-13.6783699227918,1.78787921746623,7177,0.155947422999321,5,"5","totwgt","jackknife"
"South Africa","M3_common","m5_common","rrea ~ asdgsb + asbg01 + asdage + asbhses","(Intercept)","Constant",216.466732292395,46.9915941926256,4.60649901352708,85.2479826165223,1.42152795841177e-05,124.363207674848,308.570256909941,7177,0.27541013493662,5,"5","totwgt","jackknife"
"South Africa","M3_common","m5_common","rrea ~ asdgsb + asbg01 + asdage + asbhses","asdgsbABOUT MONTHLY","Bullied about monthly",-41.9193482877141,6.77501028954684,-6.18734828379397,88.8925032853723,1.83387686352971e-08,-55.1983684552259,-28.6403281202023,7177,0.27541013493662,5,"5","totwgt","jackknife"
"South Africa","M3_common","m5_common","rrea ~ asdgsb + asbg01 + asdage + asbhses","asdgsbABOUT WEEKLY","Bullied about weekly",-91.7241681438864,7.82391091500595,-11.7235701096702,88.3637632035518,1.07139615628219e-19,-107.059033537298,-76.3893027504748,7177,0.27541013493662,5,"5","totwgt","jackknife"
"South Africa","M3_common","m5_common","rrea ~ asdgsb + asbg01 + asdage + asbhses","asbg01BOY","Boy",-43.1295569070248,4.1112504899332,-10.4906176387529,121.591086005108,9.96647941250238e-19,-51.1876078672938,-35.0715059467557,7177,0.27541013493662,5,"5","totwgt","jackknife"
"South Africa","M3_common","m5_common","rrea ~ asdgsb + asbg01 + asdage + asbhses","asdage","Age (years)",-5.5016409118166,3.67690209096823,-1.49627071260086,106.29590188855,0.137546441765721,-12.7083690101143,1.70508718648112,7177,0.27541013493662,5,"5","totwgt","jackknife"
"South Africa","M3_common","m5_common","rrea ~ asdgsb + asbg01 + asdage + asbhses","asbhses","Home SES (ASBHSES scale points)",26.5493655769837,2.59126170577821,10.2457291433674,53.6268956253384,3.10862446895044e-14,21.4704926336584,31.6282385203089,7177,0.27541013493662,5,"5","totwgt","jackknife"
"South Africa","M4_common","m5_common","rrea ~ asdgsb + asbg01 + asdage + asbhses + asbg03","(Intercept)","Constant",226.365356226319,45.8351920875635,4.93868021309632,90.5488408011535,3.57396592942649e-06,136.528379734694,316.202332717943,7177,0.295600603556545,5,"5","totwgt","jackknife"
"South Africa","M4_common","m5_common","rrea ~ asdgsb + asbg01 + asdage + asbhses + asbg03","asdgsbABOUT MONTHLY","Bullied about monthly",-41.2328106117621,6.5113995718013,-6.33240368020535,96.6305913398672,7.60503531900119e-09,-53.9951537724927,-28.4704674510316,7177,0.295600603556545,5,"5","totwgt","jackknife"
"South Africa","M4_common","m5_common","rrea ~ asdgsb + asbg01 + asdage + asbhses + asbg03","asdgsbABOUT WEEKLY","Bullied about weekly",-89.885757642563,7.5129292820592,-11.964142649021,86.8805245743024,4.60038733838613e-20,-104.611099035399,-75.160416249727,7177,0.295600603556545,5,"5","totwgt","jackknife"
"South Africa","M4_common","m5_common","rrea ~ asdgsb + asbg01 + asdage + asbhses + asbg03","asbg01BOY","Boy",-41.3555426618624,4.10062432835306,-10.0851819992182,134.938877066595,3.58816987342524e-18,-49.3927663454343,-33.3183189782904,7177,0.295600603556545,5,"5","totwgt","jackknife"
"South Africa","M4_common","m5_common","rrea ~ asdgsb + asbg01 + asdage + asbhses + asbg03","asdage","Age (years)",-6.56670329691386,3.56200449997138,-1.84354154998025,113.945458641291,0.0678485022675265,-13.5482321168578,0.41482552303004,7177,0.295600603556545,5,"5","totwgt","jackknife"
"South Africa","M4_common","m5_common","rrea ~ asdgsb + asbg01 + asdage + asbhses + asbg03","asbhses","Home SES (ASBHSES scale points)",25.4489823873698,2.63925439424029,9.64248934960862,49.4568264003448,6.03961325396085e-13,20.2760437746588,30.6219210000808,7177,0.295600603556545,5,"5","totwgt","jackknife"
"South Africa","M4_common","m5_common","rrea ~ asdgsb + asbg01 + asdage + asbhses + asbg03","asbg03I ALMOST ALWAYS SPEAK <LANGUAGE OF TEST> AT HOME","Home language: almost always test language",9.09933189500495,9.1611880113813,0.993248024568483,20.0676531074252,0.332415397524951,-8.8565966073024,27.0552603973123,7177,0.295600603556545,5,"5","totwgt","jackknife"
"South Africa","M4_common","m5_common","rrea ~ asdgsb + asbg01 + asdage + asbhses + asbg03","asbg03I SOMETIMES SPEAK <LANGUAGE OF TEST> AND SOMETIMES SPEAK ANOTHER LANGUAGE AT HOME","Home language: sometimes test language",46.7613849713393,7.92548823109973,5.90012673135353,90.5830597019916,6.20058473455032e-08,31.2274280383839,62.2953419042948,7177,0.295600603556545,5,"5","totwgt","jackknife"
"South Africa","M4_common","m5_common","rrea ~ asdgsb + asbg01 + asdage + asbhses + asbg03","asbg03I NEVER SPEAK <LANGUAGE OF TEST> AT HOME","Home language: never test language",-24.5687261399369,10.0592439711357,-2.44240284960133,44.5458911117233,0.0186236955019531,-44.2848443233629,-4.85260795651087,7177,0.295600603556545,5,"5","totwgt","jackknife"
"South Africa","I1","available_case","rrea ~ asdgsb * asbg01 + asdage + asbhses","(Intercept)","Constant",243.927649725233,41.6293323341864,5.85951385833102,96.2628475050289,6.47760154404153e-08,162.334158350228,325.521141100238,9167,0.27802037372256,5,"5","totwgt","jackknife"
"South Africa","I1","available_case","rrea ~ asdgsb * asbg01 + asdage + asbhses","asdgsbABOUT MONTHLY","Bullied about monthly",-46.5391298203932,7.00612443040878,-6.64263535177862,117.331445618947,1.01247961176518e-09,-60.2711337039944,-32.807125936792,9167,0.27802037372256,5,"5","totwgt","jackknife"
"South Africa","I1","available_case","rrea ~ asdgsb * asbg01 + asdage + asbhses","asdgsbABOUT WEEKLY","Bullied about weekly",-95.3494970514665,7.75509845005538,-12.2950724179118,147.065148792494,2.42227923543848e-24,-110.549490013575,-80.149504089358,9167,0.27802037372256,5,"5","totwgt","jackknife"
"South Africa","I1","available_case","rrea ~ asdgsb * asbg01 + asdage + asbhses","asbg01BOY","Boy",-41.189174685135,6.74303362835889,-6.10840416276547,118.680504794492,1.31353696503725e-08,-54.4055205967185,-27.9728287735516,9167,0.27802037372256,5,"5","totwgt","jackknife"
"South Africa","I1","available_case","rrea ~ asdgsb * asbg01 + asdage + asbhses","asdage","Age (years)",-7.59508910340222,3.41689768755814,-2.22280261157893,108.619409015077,0.0283005453827522,-14.2922085710162,-0.897969635788277,9167,0.27802037372256,5,"5","totwgt","jackknife"
"South Africa","I1","available_case","rrea ~ asdgsb * asbg01 + asdage + asbhses","asbhses","Home SES (ASBHSES scale points)",25.6611113253973,2.25578866786003,11.3756717067565,56.1550819706777,4.44089209850063e-16,21.2397655363916,30.0824571144029,9167,0.27802037372256,5,"5","totwgt","jackknife"
"South Africa","I1","available_case","rrea ~ asdgsb * asbg01 + asdage + asbhses","asdgsbABOUT MONTHLY:asbg01BOY","Bullied about monthly × Boy",-0.687467712269165,9.38340630288333,-0.07326419533362,48.6248181159346,0.94189643727039,-19.0789440659205,17.7040086413822,9167,0.27802037372256,5,"5","totwgt","jackknife"
"South Africa","I1","available_case","rrea ~ asdgsb * asbg01 + asdage + asbhses","asdgsbABOUT WEEKLY:asbg01BOY","Bullied about weekly × Boy",-5.11791019689549,7.42631584356474,-0.689158703279554,142.223274802598,0.491846186056627,-19.6734892502824,9.43766885649141,9167,0.27802037372256,5,"5","totwgt","jackknife"
"South Africa","I2","available_case","rrea ~ asdgsb * I(asbhses - 8.16059541616777) + asbg01 + asdage","(Intercept)","Constant",453.995485982181,34.4931518282302,13.1619020564719,93.2864753871267,0,386.38890839885,521.602063565512,9167,0.289182800627339,5,"5","totwgt","jackknife"
"South Africa","I2","available_case","rrea ~ asdgsb * I(asbhses - 8.16059541616777) + asbg01 + asdage","asdgsbABOUT MONTHLY","Bullied about monthly",-42.1844123711394,5.68895296288689,-7.41514522027841,107.890757182719,2.90782422877569e-11,-53.3347601783977,-31.0340645638811,9167,0.289182800627339,5,"5","totwgt","jackknife"
"South Africa","I2","available_case","rrea ~ asdgsb * I(asbhses - 8.16059541616777) + asbg01 + asdage","asdgsbABOUT WEEKLY","Bullied about weekly",-95.5197667459273,6.3802421443659,-14.9711820624671,105.405614738909,7.60210897979864e-28,-108.025041348884,-83.0144921429701,9167,0.289182800627339,5,"5","totwgt","jackknife"
"South Africa","I2","available_case","rrea ~ asdgsb * I(asbhses - 8.16059541616777) + asbg01 + asdage","I(asbhses - 8.16059541616777)","Home SES (centred scale points)",37.4708851474339,2.79354615815469,13.4133760553954,67.4153916805622,0,31.9955346774507,42.9462356174171,9167,0.289182800627339,5,"5","totwgt","jackknife"
"South Africa","I2","available_case","rrea ~ asdgsb * I(asbhses - 8.16059541616777) + asbg01 + asdage","asbg01BOY","Boy",-42.906950747906,3.3883506658985,-12.6630785826674,114.834933210738,1.55758640239007e-23,-49.5481180530671,-36.265783442745,9167,0.289182800627339,5,"5","totwgt","jackknife"
"South Africa","I2","available_case","rrea ~ asdgsb * I(asbhses - 8.16059541616777) + asbg01 + asdage","asdage","Age (years)",-8.03109518218291,3.35437130467545,-2.39421770958655,104.847257455934,0.0184318407797456,-14.6056629393468,-1.45652742501903,9167,0.289182800627339,5,"5","totwgt","jackknife"
"South Africa","I2","available_case","rrea ~ asdgsb * I(asbhses - 8.16059541616777) + asbg01 + asdage","asdgsbABOUT MONTHLY:I(asbhses - 8.16059541616777)","Bullied about monthly × Home SES (centred scale points)",-13.187334503196,2.7592141552342,-4.77938056318672,87.286333160035,7.06093134499118e-06,-18.595394247455,-7.77927475893695,9167,0.289182800627339,5,"5","totwgt","jackknife"
"South Africa","I2","available_case","rrea ~ asdgsb * I(asbhses - 8.16059541616777) + asbg01 + asdage","asdgsbABOUT WEEKLY:I(asbhses - 8.16059541616777)","Bullied about weekly × Home SES (centred scale points)",-20.3430090877832,2.77823230362332,-7.32228513117937,88.8707281139674,1.04967606694021e-10,-25.7883444028849,-14.8976737726815,9167,0.289182800627339,5,"5","totwgt","jackknife"
"South Africa","R1","available_case","rrea ~ asbgsb + asbg01 + asdage + asbhses","(Intercept)","Constant",34.0931443633731,40.4088880677902,0.843704095647923,136.798095160704,0.400307699808907,-45.1082762494957,113.294564976242,9167,0.27014838764541,5,"5","totwgt","jackknife"
"South Africa","R1","available_case","rrea ~ asbgsb + asbg01 + asdage + asbhses","asbgsb","Bullying scale (higher = less bullying)",18.7481701074105,1.317951794382,14.2252320512236,66.0493448796087,0,16.1649845904218,21.3313556243992,9167,0.27014838764541,5,"5","totwgt","jackknife"
"South Africa","R1","available_case","rrea ~ asbgsb + asbg01 + asdage + asbhses","asbg01BOY","Boy",-43.6847955291749,3.59297880055787,-12.1583783133906,109.470679964694,4.83627489010387e-22,-50.7270339782683,-36.6425570800814,9167,0.27014838764541,5,"5","totwgt","jackknife"
"South Africa","R1","available_case","rrea ~ asbgsb + asbg01 + asdage + asbhses","asdage","Age (years)",-8.03737374270704,3.39526546307278,-2.36722984700969,123.914192451342,0.019470309285897,-14.6920940503297,-1.3826534350844,9167,0.27014838764541,5,"5","totwgt","jackknife"
"South Africa","R1","available_case","rrea ~ asbgsb + asbg01 + asdage + asbhses","asbhses","Home SES (ASBHSES scale points)",26.0739790017239,2.34104900761436,11.1377330918393,54.7235189585059,1.11022302462516e-15,21.4855229467998,30.6624350566481,9167,0.27014838764541,5,"5","totwgt","jackknife"
"Brazil","M1","available_case","rrea ~ asdgsb","(Intercept)","Constant",456.845426265141,5.07671494187957,89.988394364329,38.8128518824251,0,446.895064979057,466.795787551225,4715,0.139058643959424,5,"5","totwgt","jackknife"
"Brazil","M1","available_case","rrea ~ asdgsb","asdgsbABOUT MONTHLY","Bullied about monthly",-36.4022695240553,5.7077343347706,-6.37770915550476,84.405534952681,9.17205725152061e-09,-47.5894288202057,-25.2151102279049,4715,0.139058643959424,5,"5","totwgt","jackknife"
"Brazil","M1","available_case","rrea ~ asdgsb","asdgsbABOUT WEEKLY","Bullied about weekly",-123.528149978791,7.62131536836776,-16.2082454285377,61.1820587449482,8.12425540175868e-24,-138.465928100792,-108.59037185679,4715,0.139058643959424,5,"5","totwgt","jackknife"
"Brazil","M2","available_case","rrea ~ asdgsb + asbg01 + asdage","(Intercept)","Constant",712.577867034111,38.7264278316495,18.4002994061784,70.9692322845401,0,636.674068484078,788.481665584144,4706,0.164535142767015,5,"5","totwgt","jackknife"
"Brazil","M2","available_case","rrea ~ asdgsb + asbg01 + asdage","asdgsbABOUT MONTHLY","Bullied about monthly",-37.452080941024,5.43826507747774,-6.88677002820802,92.6105441856696,6.73316612342053e-10,-48.1110804928804,-26.7930813891677,4706,0.164535142767015,5,"5","totwgt","jackknife"
"Brazil","M2","available_case","rrea ~ asdgsb + asbg01 + asdage","asdgsbABOUT WEEKLY","Bullied about weekly",-119.220769546303,8.0143233886872,-14.875961920203,50.7354358184226,3.8841673798843e-20,-134.92884338813,-103.512695704476,4706,0.164535142767015,5,"5","totwgt","jackknife"
"Brazil","M2","available_case","rrea ~ asdgsb + asbg01 + asdage","asbg01BOY","Boy",-10.2159079047344,4.99628752502569,-2.04469976028488,54.6423514798472,0.0457138653419218,-20.0086314537847,-0.423184355684015,4706,0.164535142767015,5,"5","totwgt","jackknife"
"Brazil","M2","available_case","rrea ~ asdgsb + asbg01 + asdage","asbg01<OTHER>","Other gender category",-100.210266639103,31.1280724885136,-3.21928916980263,10.8397348163111,0.00831629069461154,-161.22128871659,-39.1992445616165,4706,0.164535142767015,5,"5","totwgt","jackknife"
"Brazil","M2","available_case","rrea ~ asdgsb + asbg01 + asdage","asdage","Age (years)",-24.5693038810078,3.8682902306078,-6.35146341569809,64.3732713720975,2.46648592067198e-08,-32.151152732999,-16.9874550290165,4706,0.164535142767015,5,"5","totwgt","jackknife"
"Brazil","M3","available_case","rrea ~ asdgsb + asbg01 + asdage + asbhses","(Intercept)","Constant",383.292739988904,46.5263596350067,8.23818461181546,73.4686075571093,4.81459316858945e-12,292.101075104291,474.484404873517,4110,0.316937515360871,5,"5","totwgt","jackknife"
"Brazil","M3","available_case","rrea ~ asdgsb + asbg01 + asdage + asbhses","asdgsbABOUT MONTHLY","Bullied about monthly",-39.2905737803715,5.49731631377491,-7.14722812691696,98.2473295310843,1.5762831738461e-10,-50.0653137553704,-28.5158338053727,4110,0.316937515360871,5,"5","totwgt","jackknife"
"Brazil","M3","available_case","rrea ~ asdgsb + asbg01 + asdage + asbhses","asdgsbABOUT WEEKLY","Bullied about weekly",-112.949567580433,7.3007177438091,-15.4710223766988,52.7633090174696,2.97022007417902e-21,-127.258974358299,-98.640160802567,4110,0.316937515360871,5,"5","totwgt","jackknife"
"Brazil","M3","available_case","rrea ~ asdgsb + asbg01 + asdage + asbhses","asbg01BOY","Boy",-5.37229750191123,4.61660272965949,-1.16369066530173,96.8348876855475,0.247408715823527,-14.4208388520438,3.67624384822137,4110,0.316937515360871,5,"5","totwgt","jackknife"
"Brazil","M3","available_case","rrea ~ asdgsb + asbg01 + asdage + asbhses","asbg01<OTHER>","Other gender category",-86.690490105534,35.1320616063789,-2.46756057406531,10.4340723495612,0.0323302717854266,-155.549330854037,-17.8316493570314,4110,0.316937515360871,5,"5","totwgt","jackknife"
"Brazil","M3","available_case","rrea ~ asdgsb + asbg01 + asdage + asbhses","asdage","Age (years)",-13.1047929913851,4.4065462055798,-2.97393749662516,64.3820211768807,0.0041342886863485,-21.7416235543215,-4.46796242844867,4110,0.316937515360871,5,"5","totwgt","jackknife"
"Brazil","M3","available_case","rrea ~ asdgsb + asbg01 + asdage + asbhses","asbhses","Home SES (ASBHSES scale points)",26.3056854324945,2.04883757518537,12.8393220385537,31.8414147053506,3.90798504668055e-14,22.2899637851311,30.3214070798578,4110,0.316937515360871,5,"5","totwgt","jackknife"
"Brazil","M4","available_case","rrea ~ asdgsb + asbg01 + asdage + asbhses + asbg03","(Intercept)","Constant",384.706530550092,49.7477621293178,7.73314243864998,57.9149701772486,1.73268288605755e-10,287.200916776629,482.212144323555,4022,0.324418343288524,5,"5","totwgt","jackknife"
"Brazil","M4","available_case","rrea ~ asdgsb + asbg01 + asdage + asbhses + asbg03","asdgsbABOUT MONTHLY","Bullied about monthly",-36.5082190762334,5.30522175814727,-6.88156324854233,101.389804991234,5.0078768657063e-10,-46.906453722202,-26.1099844302647,4022,0.324418343288524,5,"5","totwgt","jackknife"
"Brazil","M4","available_case","rrea ~ asdgsb + asbg01 + asdage + asbhses + asbg03","asdgsbABOUT WEEKLY","Bullied about weekly",-109.430007399397,7.20028290540386,-15.1980149720602,75.2230719397345,1.23467345540142e-24,-123.542561893988,-95.3174529048051,4022,0.324418343288524,5,"5","totwgt","jackknife"
"Brazil","M4","available_case","rrea ~ asdgsb + asbg01 + asdage + asbhses + asbg03","asbg01BOY","Boy",-3.85734629700655,4.51378058202035,-0.854571068955243,82.8803970634792,0.395252112831541,-12.7043562377664,4.98966364375333,4022,0.324418343288524,5,"5","totwgt","jackknife"
"Brazil","M4","available_case","rrea ~ asdgsb + asbg01 + asdage + asbhses + asbg03","asbg01<OTHER>","Other gender category",-85.6105312663569,35.621018346156,-2.40337124656054,10.4530499207392,0.036106965264279,-155.427727224823,-15.7933353078911,4022,0.324418343288524,5,"5","totwgt","jackknife"
"Brazil","M4","available_case","rrea ~ asdgsb + asbg01 + asdage + asbhses + asbg03","asdage","Age (years)",-12.592059955067,4.6391350643278,-2.71431199576241,56.4491600030736,0.00879301630810942,-21.6847646811495,-3.49935522898447,4022,0.324418343288524,5,"5","totwgt","jackknife"
"Brazil","M4","available_case","rrea ~ asdgsb + asbg01 + asdage + asbhses + asbg03","asbhses","Home SES (ASBHSES scale points)",25.6993237227979,2.04865600451761,12.5444797301874,28.9522073858568,3.13749026759069e-13,21.6839579539433,29.7146894916524,4022,0.324418343288524,5,"5","totwgt","jackknife"
"Brazil","M4","available_case","rrea ~ asdgsb + asbg01 + asdage + asbhses + asbg03","asbg03I ALMOST ALWAYS SPEAK <LANGUAGE OF TEST> AT HOME","Home language: almost always test language",-18.6994141472649,10.7180144885024,-1.74467147505019,33.789453913241,0.0901329271455635,-39.7067225447297,2.30789425019988,4022,0.324418343288524,5,"5","totwgt","jackknife"
"Brazil","M4","available_case","rrea ~ asdgsb + asbg01 + asdage + asbhses + asbg03","asbg03I SOMETIMES SPEAK <LANGUAGE OF TEST> AND SOMETIMES SPEAK ANOTHER LANGUAGE AT HOME","Home language: sometimes test language",7.62519642349631,9.84755094935937,0.774324140358203,57.662026495649,0.441902606128549,-11.6760034372481,26.9263962842407,4022,0.324418343288524,5,"5","totwgt","jackknife"
"Brazil","M4","available_case","rrea ~ asdgsb + asbg01 + asdage + asbhses + asbg03","asbg03I NEVER SPEAK <LANGUAGE OF TEST> AT HOME","Home language: never test language",-93.2480244407625,19.1717817925187,-4.86381628217519,58.7600811777186,8.98264854014382e-06,-130.824716754099,-55.6713321274258,4022,0.324418343288524,5,"5","totwgt","jackknife"
"Brazil","M5","available_case","rrea ~ asdgsb + asbg01 + asdage + asbhses + asbg03 + acbg05b +      acbg03a","(Intercept)","Constant",456.874291116183,47.4548140632696,9.62756466619067,75.5773026581306,8.88178419700125e-15,363.862855552174,549.885726680191,3563,0.355419741232004,5,"5","totwgt","jackknife"
"Brazil","M5","available_case","rrea ~ asdgsb + asbg01 + asdage + asbhses + asbg03 + acbg05b +      acbg03a","asdgsbABOUT MONTHLY","Bullied about monthly",-38.4178846758244,5.78616445137381,-6.63961161122942,63.3402277429928,8.27579348002962e-09,-49.7587670005171,-27.0770023511318,3563,0.355419741232004,5,"5","totwgt","jackknife"
"Brazil","M5","available_case","rrea ~ asdgsb + asbg01 + asdage + asbhses + asbg03 + acbg05b +      acbg03a","asdgsbABOUT WEEKLY","Bullied about weekly",-113.283005267897,7.90153960205812,-14.336826868322,57.1835977434333,1.37464621215859e-20,-128.770022887931,-97.7959876478632,3563,0.355419741232004,5,"5","totwgt","jackknife"
"Brazil","M5","available_case","rrea ~ asdgsb + asbg01 + asdage + asbhses + asbg03 + acbg05b +      acbg03a","asbg01BOY","Boy",-4.93810613565791,4.77009008137455,-1.0352228262815,68.1794761815707,0.304222799005308,-14.287482695152,4.41127042383621,3563,0.355419741232004,5,"5","totwgt","jackknife"
"Brazil","M5","available_case","rrea ~ asdgsb + asbg01 + asdage + asbhses + asbg03 + acbg05b +      acbg03a","asbg01<OTHER>","Other gender category",-49.0840897285317,23.6187520309723,-2.07818303287852,36.4705890814821,0.0447873825310115,-95.3768437092374,-2.79133574782604,3563,0.355419741232004,5,"5","totwgt","jackknife"
"Brazil","M5","available_case","rrea ~ asdgsb + asbg01 + asdage + asbhses + asbg03 + acbg05b +      acbg03a","asdage","Age (years)",-12.6776293214739,4.75632101201844,-2.66542760453712,46.9588339567443,0.0105087390615821,-22.00001850503,-3.35524013791776,3563,0.355419741232004,5,"5","totwgt","jackknife"
"Brazil","M5","available_case","rrea ~ asdgsb + asbg01 + asdage + asbhses + asbg03 + acbg05b +      acbg03a","asbhses","Home SES (ASBHSES scale points)",21.5891001325124,1.80912465776352,11.9334508210182,78.4942605871201,0,18.0432158032959,25.1349844617289,3563,0.355419741232004,5,"5","totwgt","jackknife"
"Brazil","M5","available_case","rrea ~ asdgsb + asbg01 + asdage + asbhses + asbg03 + acbg05b +      acbg03a","asbg03I ALMOST ALWAYS SPEAK <LANGUAGE OF TEST> AT HOME","Home language: almost always test language",-20.7973653488646,10.6930259523317,-1.94494668221857,30.6059553908493,0.0610192479697455,-41.7556962154347,0.160965517705542,3563,0.355419741232004,5,"5","totwgt","jackknife"
"Brazil","M5","available_case","rrea ~ asdgsb + asbg01 + asdage + asbhses + asbg03 + acbg05b +      acbg03a","asbg03I SOMETIMES SPEAK <LANGUAGE OF TEST> AND SOMETIMES SPEAK ANOTHER LANGUAGE AT HOME","Home language: sometimes test language",12.3047305988161,9.47159371293418,1.29911934271558,55.4666598554089,0.199277361480377,-6.25959307853488,30.8690542761671,3563,0.355419741232004,5,"5","totwgt","jackknife"
"Brazil","M5","available_case","rrea ~ asdgsb + asbg01 + asdage + asbhses + asbg03 + acbg05b +      acbg03a","asbg03I NEVER SPEAK <LANGUAGE OF TEST> AT HOME","Home language: never test language",-83.2905815223999,19.4038091602628,-4.29248612138339,46.3192363798419,8.93128680091306e-05,-121.322047476515,-45.2591155682849,3563,0.355419741232004,5,"5","totwgt","jackknife"
"Brazil","M5","available_case","rrea ~ asdgsb + asbg01 + asdage + asbhses + asbg03 + acbg05b +      acbg03a","acbg05bSUBURBAN-ON FRINGE OR OUTSKIRTS OF URBAN AREA","School location: suburban",-1.27670152277115,15.7589721440291,-0.0810142635638123,26.4214647626263,0.936041179624262,-32.1642869250683,29.610883879526,3563,0.355419741232004,5,"5","totwgt","jackknife"
"Brazil","M5","available_case","rrea ~ asdgsb + asbg01 + asdage + asbhses + asbg03 + acbg05b +      acbg03a","acbg05bMEDIUM SIZE CITY OR LARGE TOWN","School location: medium city/large town",-18.6002605730299,9.08968640052785,-2.04630388260146,31.6225109904166,0.049116648849085,-36.4160459180644,-0.784475227995287,3563,0.355419741232004,5,"5","totwgt","jackknife"
"Brazil","M5","available_case","rrea ~ asdgsb + asbg01 + asdage + asbhses + asbg03 + acbg05b +      acbg03a","acbg05bSMALL TOWN OR VILLAGE","School location: small town/village",-25.2833630455189,11.5485919282952,-2.18930266152813,27.238287595329,0.037316988288536,-47.9186032249775,-2.64812286606032,3563,0.355419741232004,5,"5","totwgt","jackknife"
"Brazil","M5","available_case","rrea ~ asdgsb + asbg01 + asdage + asbhses + asbg03 + acbg05b +      acbg03a","acbg05bREMOTE RURAL","School location: remote rural",-14.4140055526695,25.28318461029,-0.570102452473617,4.31236343472237,0.597006419755203,-63.969047388838,35.1410362834989,3563,0.355419741232004,5,"5","totwgt","jackknife"
"Brazil","M5","available_case","rrea ~ asdgsb + asbg01 + asdage + asbhses + asbg03 + acbg05b +      acbg03a","acbg03a11 TO 25%","Economically disadvantaged: 11 to 25%",-25.453068171217,10.905110673378,-2.33404950518788,45.6117722211081,0.0240549559973365,-46.8270850910379,-4.07905125139614,3563,0.355419741232004,5,"5","totwgt","jackknife"
"Brazil","M5","available_case","rrea ~ asdgsb + asbg01 + asdage + asbhses + asbg03 + acbg05b +      acbg03a","acbg03a26 TO 50%","Economically disadvantaged: 26 to 50%",-47.6316478411385,13.6889141710008,-3.4795782372603,26.5783475174327,0.00174811978940909,-74.4619196163001,-20.801376065977,3563,0.355419741232004,5,"5","totwgt","jackknife"
"Brazil","M5","available_case","rrea ~ asdgsb + asbg01 + asdage + asbhses + asbg03 + acbg05b +      acbg03a","acbg03aMORE THAN 50%","Economically disadvantaged: more than 50%",-40.9124902111726,11.7252594362905,-3.48926097827273,35.6407684055388,0.00130796768201632,-63.893998706302,-17.9309817160432,3563,0.355419741232004,5,"5","totwgt","jackknife"
"Brazil","M1_common","m5_common","rrea ~ asdgsb","(Intercept)","Constant",465.388258582617,4.37933964205622,106.269048902566,82.1278984211365,0,456.804752884187,473.971764281047,3563,0.155687955846226,5,"5","totwgt","jackknife"
"Brazil","M1_common","m5_common","rrea ~ asdgsb","asdgsbABOUT MONTHLY","Bullied about monthly",-37.7761330172539,6.79514881311126,-5.55927972384722,64.2416757347237,5.60589012122186e-07,-51.094624690952,-24.4576413435558,3563,0.155687955846226,5,"5","totwgt","jackknife"
"Brazil","M1_common","m5_common","rrea ~ asdgsb","asdgsbABOUT WEEKLY","Bullied about weekly",-131.249942574078,8.47552901909742,-15.4857522496047,64.3754524613149,2.17706254411925e-23,-147.861979451509,-114.637905696647,3563,0.155687955846226,5,"5","totwgt","jackknife"
"Brazil","M2_common","m5_common","rrea ~ asdgsb + asbg01 + asdage","(Intercept)","Constant",719.721380340164,51.8959480296303,13.8685467298764,62.9100142382919,0,618.005322202088,821.437438478239,3563,0.177431471733706,5,"5","totwgt","jackknife"
"Brazil","M2_common","m5_common","rrea ~ asdgsb + asbg01 + asdage","asdgsbABOUT MONTHLY","Bullied about monthly",-38.6256496829867,6.5697832364107,-5.87928829507154,76.5941836484835,1.01363625154534e-07,-51.5024248263516,-25.7488745396217,3563,0.177431471733706,5,"5","totwgt","jackknife"
"Brazil","M2_common","m5_common","rrea ~ asdgsb + asbg01 + asdage","asdgsbABOUT WEEKLY","Bullied about weekly",-128.20522156787,8.70645330015792,-14.7253097384149,50.7312323611875,5.92908550952372e-20,-145.269870036179,-111.14057309956,3563,0.177431471733706,5,"5","totwgt","jackknife"
"Brazil","M2_common","m5_common","rrea ~ asdgsb + asbg01 + asdage","asbg01BOY","Boy",-5.88773805244614,5.67390595380144,-1.03768693037667,45.1174436146244,0.304945442978233,-17.008593721897,5.23311761700467,3563,0.177431471733706,5,"5","totwgt","jackknife"
"Brazil","M2_common","m5_common","rrea ~ asdgsb + asbg01 + asdage","asbg01<OTHER>","Other gender category",-72.9484331405603,24.3396479102976,-2.99710305627294,32.6615933597733,0.00517436357507065,-120.654143044744,-25.242723236377,3563,0.177431471733706,5,"5","totwgt","jackknife"
"Brazil","M2_common","m5_common","rrea ~ asdgsb + asbg01 + asdage","asdage","Age (years)",-24.7404229525734,5.17457314294704,-4.78115242921915,59.2063321360478,1.1943436320019e-05,-34.8825863127496,-14.5982595923972,3563,0.177431471733706,5,"5","totwgt","jackknife"
"Brazil","M3_common","m5_common","rrea ~ asdgsb + asbg01 + asdage + asbhses","(Intercept)","Constant",396.056838729435,49.1786554781241,8.05342957994473,55.9739444593594,6.33528784987902e-11,299.666673992312,492.447003466558,3563,0.317476952395594,5,"5","totwgt","jackknife"
"Brazil","M3_common","m5_common","rrea ~ asdgsb + asbg01 + asdage + asbhses","asdgsbABOUT MONTHLY","Bullied about monthly",-39.4195323183701,6.04336155738746,-6.52278238593607,80.3682478602111,5.67777716702733e-09,-51.2645209708496,-27.5745436658907,3563,0.317476952395594,5,"5","totwgt","jackknife"
"Brazil","M3_common","m5_common","rrea ~ asdgsb + asbg01 + asdage + asbhses","asdgsbABOUT WEEKLY","Bullied about weekly",-116.795028845031,8.03100091438381,-14.5430227303108,61.9690376922844,1.2055954581082e-21,-132.535790637223,-101.054267052838,3563,0.317476952395594,5,"5","totwgt","jackknife"
"Brazil","M3_common","m5_common","rrea ~ asdgsb + asbg01 + asdage + asbhses","asbg01BOY","Boy",-4.46398793655079,4.85101976653892,-0.920216398074117,74.2536602694785,0.360439633880312,-13.9719866789671,5.0440108058655,3563,0.317476952395594,5,"5","totwgt","jackknife"
"Brazil","M3_common","m5_common","rrea ~ asdgsb + asbg01 + asdage + asbhses","asbg01<OTHER>","Other gender category",-53.4095301701422,23.9924277341491,-2.22609944945767,32.3399128092365,0.0330965073499034,-100.434688529074,-6.38437181120999,3563,0.317476952395594,5,"5","totwgt","jackknife"
"Brazil","M3_common","m5_common","rrea ~ asdgsb + asbg01 + asdage + asbhses","asdage","Age (years)",-13.7558120135692,4.68575152526464,-2.93566825714095,52.840829819573,0.00491822608284229,-22.9398850030879,-4.57173902405049,3563,0.317476952395594,5,"5","totwgt","jackknife"
"Brazil","M3_common","m5_common","rrea ~ asdgsb + asbg01 + asdage + asbhses","asbhses","Home SES (ASBHSES scale points)",25.7003125267105,2.23650162917418,11.4913006060274,25.4501167386245,1.43567380206377e-11,21.3167693335291,30.0838557198919,3563,0.317476952395594,5,"5","totwgt","jackknife"
"Brazil","M4_common","m5_common","rrea ~ asdgsb + asbg01 + asdage + asbhses + asbg03","(Intercept)","Constant",394.014917575628,50.2765993531837,7.8369444760523,49.658531050592,3.1108049469708e-10,295.472782843388,492.557052307868,3563,0.328324770517849,5,"5","totwgt","jackknife"
"Brazil","M4_common","m5_common","rrea ~ asdgsb + asbg01 + asdage + asbhses + asbg03","asdgsbABOUT MONTHLY","Bullied about monthly",-37.9055091253331,5.80963874564103,-6.52458970082668,85.9524944219831,4.52003308410397e-09,-49.2924010667895,-26.5186171838767,3563,0.328324770517849,5,"5","totwgt","jackknife"
"Brazil","M4_common","m5_common","rrea ~ asdgsb + asbg01 + asdage + asbhses + asbg03","asdgsbABOUT WEEKLY","Bullied about weekly",-114.584655404914,7.7305984384186,-14.8222231846198,72.3693318686935,1.27424786282048e-23,-129.736628344214,-99.4326824656131,3563,0.328324770517849,5,"5","totwgt","jackknife"
"Brazil","M4_common","m5_common","rrea ~ asdgsb + asbg01 + asdage + asbhses + asbg03","asbg01BOY","Boy",-3.219907215575,4.82761271539676,-0.666977117966756,65.3170218783175,0.507136172709573,-12.6820281377527,6.24221370660265,3563,0.328324770517849,5,"5","totwgt","jackknife"
"Brazil","M4_common","m5_common","rrea ~ asdgsb + asbg01 + asdage + asbhses + asbg03","asbg01<OTHER>","Other gender category",-50.1739989631006,24.4413346602971,-2.05283384317813,34.940456928612,0.0476365934671842,-98.0790148972829,-2.26898302891825,3563,0.328324770517849,5,"5","totwgt","jackknife"
"Brazil","M4_common","m5_common","rrea ~ asdgsb + asbg01 + asdage + asbhses + asbg03","asdage","Age (years)",-13.5363479432839,4.70775079448189,-2.87533230500439,46.9040176610899,0.00605132338240329,-22.7635395004684,-4.30915638609937,3563,0.328324770517849,5,"5","totwgt","jackknife"
"Brazil","M4_common","m5_common","rrea ~ asdgsb + asbg01 + asdage + asbhses + asbg03","asbhses","Home SES (ASBHSES scale points)",25.7202272339375,2.24692549128351,11.4468536378771,25.65109511941,1.40993883235296e-11,21.3162532710218,30.1242011968532,3563,0.328324770517849,5,"5","totwgt","jackknife"
"Brazil","M4_common","m5_common","rrea ~ asdgsb + asbg01 + asdage + asbhses + asbg03","asbg03I ALMOST ALWAYS SPEAK <LANGUAGE OF TEST> AT HOME","Home language: almost always test language",-20.2498097793659,11.4262041898417,-1.77222544275629,32.0552017651869,0.0858627555405827,-42.6451699914556,2.14555043272378,3563,0.328324770517849,5,"5","totwgt","jackknife"
"Brazil","M4_common","m5_common","rrea ~ asdgsb + asbg01 + asdage + asbhses + asbg03","asbg03I SOMETIMES SPEAK <LANGUAGE OF TEST> AND SOMETIMES SPEAK ANOTHER LANGUAGE AT HOME","Home language: sometimes test language",12.420581341695,9.58339741983979,1.29605199466961,47.3685547311866,0.201237071388812,-6.36287760119101,31.2040402845809,3563,0.328324770517849,5,"5","totwgt","jackknife"
"Brazil","M4_common","m5_common","rrea ~ asdgsb + asbg01 + asdage + asbhses + asbg03","asbg03I NEVER SPEAK <LANGUAGE OF TEST> AT HOME","Home language: never test language",-87.6927269082991,19.362462182415,-4.52900700758717,46.8705430844171,4.0694013364084e-05,-125.643152785832,-49.7423010307657,3563,0.328324770517849,5,"5","totwgt","jackknife"
"Brazil","I1","excludes_other_gender","rrea ~ asdgsb * asbg01 + asdage + asbhses","(Intercept)","Constant",380.928114844228,46.240779852407,8.23792583213537,74.2205486419857,4.50572912313874e-12,290.296186333511,471.560043354946,4076,0.313911359821866,5,"5","totwgt","jackknife"
"Brazil","I1","excludes_other_gender","rrea ~ asdgsb * asbg01 + asdage + asbhses","asdgsbABOUT MONTHLY","Bullied about monthly",-34.0945167972241,8.75369185975596,-3.89487285404339,54.1740425268861,0.000271984533121959,-51.2517528423457,-16.9372807521024,4076,0.313911359821866,5,"5","totwgt","jackknife"
"Brazil","I1","excludes_other_gender","rrea ~ asdgsb * asbg01 + asdage + asbhses","asdgsbABOUT WEEKLY","Bullied about weekly",-120.377648684974,10.5785056766205,-11.3794568311308,71.8284583745929,9.77226717017032e-18,-141.111519811151,-99.6437775587983,4076,0.313911359821866,5,"5","totwgt","jackknife"
"Brazil","I1","excludes_other_gender","rrea ~ asdgsb * asbg01 + asdage + asbhses","asbg01BOY","Boy",-4.0827852254175,4.90431287322277,-0.832488736130446,62.7281576174642,0.408291454673137,-13.6952384569341,5.52966800609912,4076,0.313911359821866,5,"5","totwgt","jackknife"
"Brazil","I1","excludes_other_gender","rrea ~ asdgsb * asbg01 + asdage + asbhses","asdage","Age (years)",-12.8510684069453,4.36648796927475,-2.94311320616779,64.3893426940629,0.00451386762606585,-21.4093848267238,-4.29275198716678,4076,0.313911359821866,5,"5","totwgt","jackknife"
"Brazil","I1","excludes_other_gender","rrea ~ asdgsb * asbg01 + asdage + asbhses","asbhses","Home SES (ASBHSES scale points)",26.2391950407188,2.06550157865736,12.7035463501195,31.3895264647042,6.52811138479592e-14,22.1908119465503,30.2875781348872,4076,0.313911359821866,5,"5","totwgt","jackknife"
"Brazil","I1","excludes_other_gender","rrea ~ asdgsb * asbg01 + asdage + asbhses","asdgsbABOUT MONTHLY:asbg01BOY","Bullied about monthly × Boy",-10.5200960920786,11.0990194333592,-0.947840136261,78.7078669472189,0.346111966139459,-32.2741741814626,11.2339819973053,4076,0.313911359821866,5,"5","totwgt","jackknife"
"Brazil","I1","excludes_other_gender","rrea ~ asdgsb * asbg01 + asdage + asbhses","asdgsbABOUT WEEKLY:asbg01BOY","Bullied about weekly × Boy",9.88979836129359,12.7493604241783,0.775709371470767,66.1193610411775,0.440686381251367,-15.0989480700958,34.878544792683,4076,0.313911359821866,5,"5","totwgt","jackknife"
"Brazil","I2","available_case","rrea ~ asdgsb * I(asbhses - 8.0560937132795) + asbg01 + asdage","(Intercept)","Constant",599.826712396472,42.941173379177,13.9685682806083,69.05471877687,0,515.662012573285,683.991412219659,4110,0.319082352976143,5,"5","totwgt","jackknife"
"Brazil","I2","available_case","rrea ~ asdgsb * I(asbhses - 8.0560937132795) + asbg01 + asdage","asdgsbABOUT MONTHLY","Bullied about monthly",-39.7919798026649,5.60709740181052,-7.09671634914281,93.6120169728177,2.42342473231945e-10,-50.7818907102135,-28.8020688951163,4110,0.319082352976143,5,"5","totwgt","jackknife"
"Brazil","I2","available_case","rrea ~ asdgsb * I(asbhses - 8.0560937132795) + asbg01 + asdage","asdgsbABOUT WEEKLY","Bullied about weekly",-110.86077952377,6.88739872679006,-16.096175627607,67.6513688424643,7.93933869765049e-25,-124.360081028278,-97.3614780192613,4110,0.319082352976143,5,"5","totwgt","jackknife"
"Brazil","I2","available_case","rrea ~ asdgsb * I(asbhses - 8.0560937132795) + asbg01 + asdage","I(asbhses - 8.0560937132795)","Home SES (centred scale points)",24.1165226757577,2.04068209767614,11.8178733979295,56.9813928887956,0,20.1167857643125,28.116259587203,4110,0.319082352976143,5,"5","totwgt","jackknife"
"Brazil","I2","available_case","rrea ~ asdgsb * I(asbhses - 8.0560937132795) + asbg01 + asdage","asbg01BOY","Boy",-5.57448804780132,4.67102401970973,-1.193418835844,90.349690402521,0.235829699816471,-14.7296951264324,3.58071903082974,4110,0.319082352976143,5,"5","totwgt","jackknife"
"Brazil","I2","available_case","rrea ~ asdgsb * I(asbhses - 8.0560937132795) + asbg01 + asdage","asbg01<OTHER>","Other gender category",-86.6717265099017,35.1870016897564,-2.46317453456494,10.3544547747006,0.0327397681318655,-155.638249821824,-17.7052031979791,4110,0.319082352976143,5,"5","totwgt","jackknife"
"Brazil","I2","available_case","rrea ~ asdgsb * I(asbhses - 8.0560937132795) + asbg01 + asdage","asdage","Age (years)",-13.5189721122055,4.33041241917703,-3.12186711185691,65.0082751514329,0.0026815269985872,-22.0065804537925,-5.03136377061853,4110,0.319082352976143,5,"5","totwgt","jackknife"
"Brazil","I2","available_case","rrea ~ asdgsb * I(asbhses - 8.0560937132795) + asbg01 + asdage","asdgsbABOUT MONTHLY:I(asbhses - 8.0560937132795)","Bullied about monthly × Home SES (centred scale points)",3.22384375638774,2.99189732169436,1.07752486457725,109.120065784724,0.283622178658162,-2.64027499413321,9.0879625069087,4110,0.319082352976143,5,"5","totwgt","jackknife"
"Brazil","I2","available_case","rrea ~ asdgsb * I(asbhses - 8.0560937132795) + asbg01 + asdage","asdgsbABOUT WEEKLY:I(asbhses - 8.0560937132795)","Bullied about weekly × Home SES (centred scale points)",9.02855927641582,4.52087236027083,1.99708342924217,67.5813190610165,0.0498450446823395,0.167649450285003,17.8894691025466,4110,0.319082352976143,5,"5","totwgt","jackknife"
"Brazil","R1","available_case","rrea ~ asbgsb + asbg01 + asdage + asbhses","(Intercept)","Constant",186.093101694432,51.6467747816779,3.60318921135129,63.3813679411148,0.000618485157605209,84.8654231223431,287.32078026652,4110,0.293151189886103,5,"5","totwgt","jackknife"
"Brazil","R1","available_case","rrea ~ asbgsb + asbg01 + asdage + asbhses","asbgsb","Bullying scale (higher = less bullying)",16.8014042321351,1.1503489565185,14.6054848286941,57.7715764674231,0,14.5467202773588,19.0560881869113,4110,0.293151189886103,5,"5","totwgt","jackknife"
"Brazil","R1","available_case","rrea ~ asbgsb + asbg01 + asdage + asbhses","asbg01BOY","Boy",-4.98886233804613,4.84694040061078,-1.02928072674825,84.066033858931,0.306300130549455,-14.4888655232432,4.511140847151,4110,0.293151189886103,5,"5","totwgt","jackknife"
"Brazil","R1","available_case","rrea ~ asbgsb + asbg01 + asdage + asbhses","asbg01<OTHER>","Other gender category",-97.6747680292611,36.7986507763838,-2.65430296949761,10.7664334985674,0.022783355627811,-169.800123550973,-25.5494125075487,4110,0.293151189886103,5,"5","totwgt","jackknife"
"Brazil","R1","available_case","rrea ~ asbgsb + asbg01 + asdage + asbhses","asdage","Age (years)",-13.6585373082937,4.92190009087947,-2.77505375080727,57.3541437192969,0.00743838432934172,-23.3054614864174,-4.01161313016994,4110,0.293151189886103,5,"5","totwgt","jackknife"
"Brazil","R1","available_case","rrea ~ asbgsb + asbg01 + asdage + asbhses","asbhses","Home SES (ASBHSES scale points)",27.4443376820947,2.07527582684664,13.2244289299106,31.4524992756397,2.17603712826531e-14,23.3767970614753,31.5118783027142,4110,0.293151189886103,5,"5","totwgt","jackknife"
