"country","model","sample","formula","n_used","r_squared","plausible_values","jrr_i_max","weight","variance_method"
"Brazil","I1","excludes_other_gender","rrea ~ asdgsb * asbg01 + asdage + asbhses",4076,0.313911359821866,5,"5","totwgt","jackknife"
"Brazil","I2","available_case","rrea ~ asdgsb * I(asbhses - 8.0560937132795) + asbg01 + asdage",4110,0.319082352976143,5,"5","totwgt","jackknife"
"Brazil","M1","available_case","rrea ~ asdgsb",4715,0.139058643959424,5,"5","totwgt","jackknife"
"Brazil","M1_common","m5_common","rrea ~ asdgsb",3563,0.155687955846226,5,"5","totwgt","jackknife"
"Brazil","M2","available_case","rrea ~ asdgsb + asbg01 + asdage",4706,0.164535142767015,5,"5","totwgt","jackknife"
"Brazil","M2_common","m5_common","rrea ~ asdgsb + asbg01 + asdage",3563,0.177431471733706,5,"5","totwgt","jackknife"
"Brazil","M3","available_case","rrea ~ asdgsb + asbg01 + asdage + asbhses",4110,0.316937515360871,5,"5","totwgt","jackknife"
"Brazil","M3_common","m5_common","rrea ~ asdgsb + asbg01 + asdage + asbhses",3563,0.317476952395594,5,"5","totwgt","jackknife"
"Brazil","M4","available_case","rrea ~ asdgsb + asbg01 + asdage + asbhses + asbg03",4022,0.324418343288524,5,"5","totwgt","jackknife"
"Brazil","M4_common","m5_common","rrea ~ asdgsb + asbg01 + asdage + asbhses + asbg03",3563,0.328324770517849,5,"5","totwgt","jackknife"
"Brazil","M5","available_case","rrea ~ asdgsb + asbg01 + asdage + asbhses + asbg03 + acbg05b +      acbg03a",3563,0.355419741232004,5,"5","totwgt","jackknife"
"Brazil","R1","available_case","rrea ~ asbgsb + asbg01 + asdage + asbhses",4110,0.293151189886103,5,"5","totwgt","jackknife"
"South Africa","I1","available_case","rrea ~ asdgsb * asbg01 + asdage + asbhses",9167,0.27802037372256,5,"5","totwgt","jackknife"
"South Africa","I2","available_case","rrea ~ asdgsb * I(asbhses - 8.16059541616777) + asbg01 + asdage",9167,0.289182800627339,5,"5","totwgt","jackknife"
"South Africa","M1","available_case","rrea ~ asdgsb",11660,0.134065365423877,5,"5","totwgt","jackknife"
"South Africa","M1_common","m5_common","rrea ~ asdgsb",7177,0.123032404522908,5,"5","totwgt","jackknife"
"South Africa","M2","available_case","rrea ~ asdgsb + asbg01 + asdage",11618,0.169680930652925,5,"5","totwgt","jackknife"
"South Africa","M2_common","m5_common","rrea ~ asdgsb + asbg01 + asdage",7177,0.155947422999321,5,"5","totwgt","jackknife"
"South Africa","M3","available_case","rrea ~ asdgsb + asbg01 + asdage + asbhses",9167,0.277909831920303,5,"5","totwgt","jackknife"
"South Africa","M3_common","m5_common","rrea ~ asdgsb + asbg01 + asdage + asbhses",7177,0.27541013493662,5,"5","totwgt","jackknife"
"South Africa","M4","available_case","rrea ~ asdgsb + asbg01 + asdage + asbhses + asbg03",8505,0.295556457601441,5,"5","totwgt","jackknife"
"South Africa","M4_common","m5_common","rrea ~ asdgsb + asbg01 + asdage + asbhses + asbg03",7177,0.295600603556545,5,"5","totwgt","jackknife"
"South Africa","M5","available_case","rrea ~ asdgsb + asbg01 + asdage + asbhses + asbg03 + acbg05b +      acbg03a",7177,0.379854631559703,5,"5","totwgt","jackknife"
"South Africa","R1","available_case","rrea ~ asbgsb + asbg01 + asdage + asbhses",9167,0.27014838764541,5,"5","totwgt","jackknife"
