"country","variable","level"
"South Africa","ASDGSB","ALMOST NEVER"
"South Africa","ASDGSB","ABOUT MONTHLY"
"South Africa","ASDGSB","ABOUT WEEKLY"
"South Africa","ASBG01","GIRL"
"South Africa","ASBG01","BOY"
"South Africa","ASBG03","I ALWAYS SPEAK <LANGUAGE OF TEST> AT HOME"
"South Africa","ASBG03","I ALMOST ALWAYS SPEAK <LANGUAGE OF TEST> AT HOME"
"South Africa","ASBG03","I SOMETIMES SPEAK <LANGUAGE OF TEST> AND SOMETIMES SPEAK ANOTHER LANGUAGE AT HOME"
"South Africa","ASBG03","I NEVER SPEAK <LANGUAGE OF TEST> AT HOME"
"South Africa","ACBG05B","URBAN-DENSELY POPULATED"
"South Africa","ACBG05B","SUBURBAN-ON FRINGE OR OUTSKIRTS OF URBAN AREA"
"South Africa","ACBG05B","MEDIUM SIZE CITY OR LARGE TOWN"
"South Africa","ACBG05B","SMALL TOWN OR VILLAGE"
"South Africa","ACBG05B","REMOTE RURAL"
"South Africa","ACBG03A","0 TO 10%"
"South Africa","ACBG03A","11 TO 25%"
"South Africa","ACBG03A","26 TO 50%"
"South Africa","ACBG03A","MORE THAN 50%"
"Brazil","ASDGSB","ALMOST NEVER"
"Brazil","ASDGSB","ABOUT MONTHLY"
"Brazil","ASDGSB","ABOUT WEEKLY"
"Brazil","ASBG01","GIRL"
"Brazil","ASBG01","BOY"
"Brazil","ASBG01","<OTHER>"
"Brazil","ASBG03","I ALWAYS SPEAK <LANGUAGE OF TEST> AT HOME"
"Brazil","ASBG03","I ALMOST ALWAYS SPEAK <LANGUAGE OF TEST> AT HOME"
"Brazil","ASBG03","I SOMETIMES SPEAK <LANGUAGE OF TEST> AND SOMETIMES SPEAK ANOTHER LANGUAGE AT HOME"
"Brazil","ASBG03","I NEVER SPEAK <LANGUAGE OF TEST> AT HOME"
"Brazil","ACBG05B","URBAN-DENSELY POPULATED"
"Brazil","ACBG05B","SUBURBAN-ON FRINGE OR OUTSKIRTS OF URBAN AREA"
"Brazil","ACBG05B","MEDIUM SIZE CITY OR LARGE TOWN"
"Brazil","ACBG05B","SMALL TOWN OR VILLAGE"
"Brazil","ACBG05B","REMOTE RURAL"
"Brazil","ACBG03A","0 TO 10%"
"Brazil","ACBG03A","11 TO 25%"
"Brazil","ACBG03A","26 TO 50%"
"Brazil","ACBG03A","MORE THAN 50%"
